hour,xx,yy,twitter,instagram
0,78,76,0,3
0,79,64,1,0
0,82,118,0,1
0,83,66,0,1
0,101,80,1,1
0,102,66,0,1
0,103,111,0,1
0,105,79,0,1
0,107,57,0,1
0,109,72,0,1
0,110,78,0,1
0,111,82,0,1
0,111,107,0,1
0,112,82,0,3
0,114,76,0,4
0,114,81,0,1
0,114,87,0,1
0,115,77,0,1
0,115,79,0,1
0,115,81,0,1
0,115,85,0,1
0,115,86,1,0
0,116,72,2,0
0,117,80,0,2
0,117,100,0,1
0,118,72,0,1
0,118,77,0,1
0,118,78,0,5
0,118,80,0,1
0,118,100,0,1
0,119,66,0,1
0,119,77,0,1
0,119,78,0,5
0,119,79,0,4
0,119,97,0,3
0,120,78,0,1
0,120,93,0,1
0,121,66,0,1
0,121,69,0,1
0,121,70,0,1
0,121,78,0,1
0,121,79,1,4
0,122,80,0,1
0,122,81,0,1
0,123,76,0,1
0,123,78,0,1
0,123,108,0,2
0,124,81,0,1
0,125,79,0,2
0,126,56,0,1
0,126,87,0,1
0,128,73,0,1
0,128,77,0,3
0,129,59,0,1
0,129,63,3,3
0,129,69,0,1
0,129,80,0,1
0,130,68,0,1
0,130,71,0,1
0,130,76,0,1
0,130,81,0,1
0,130,95,0,1
0,131,72,0,13
0,131,73,0,10
0,131,76,0,4
0,132,50,0,1
0,132,58,0,1
0,132,70,1,0
0,132,73,1,11
0,132,74,0,4
0,132,76,0,1
0,132,77,1,1
0,132,79,0,1
0,133,53,0,1
0,133,57,0,1
0,133,77,0,1
0,133,83,0,1
0,133,103,0,1
0,134,61,0,4
0,134,64,0,1
0,134,68,0,2
0,134,69,0,2
0,134,70,0,1
0,134,71,0,3
0,134,72,0,1
0,134,73,0,2
0,134,74,0,1
0,134,77,0,1
0,134,78,0,1
0,134,79,0,1
0,134,87,0,1
0,135,68,0,1
0,135,74,0,2
0,135,75,0,1
0,135,76,0,1
0,135,82,0,1
0,135,83,0,3
0,136,50,0,1
0,136,66,1,2
0,136,73,0,1
0,136,74,0,2
0,136,81,0,2
0,136,84,1,0
0,136,89,0,2
0,136,107,0,1
0,137,65,0,4
0,137,66,0,3
0,137,67,0,2
0,137,68,0,1
0,137,69,0,1
0,137,70,0,2
0,137,74,0,1
0,137,127,1,0
0,138,58,0,1
0,138,60,0,8
0,138,66,0,1
0,138,67,0,2
0,138,69,0,2
0,138,72,1,6
0,138,79,25,161
0,139,56,0,1
0,139,67,0,1
0,139,68,0,1
0,139,69,0,1
0,139,70,0,2
0,139,89,0,1
0,140,61,0,1
0,140,63,0,1
0,140,65,0,1
0,140,67,1,0
0,140,69,0,1
0,140,70,0,5
0,140,71,0,1
0,140,73,0,2
0,140,79,0,1
0,140,82,0,1
0,140,92,0,1
0,141,54,0,1
0,141,62,1,1
0,141,70,0,6
0,141,74,0,1
0,141,80,1,0
0,142,63,0,1
0,142,68,0,1
0,142,69,0,2
0,142,72,0,3
0,142,73,0,1
0,142,74,0,1
0,142,75,0,1
0,142,84,0,1
0,143,49,4,0
0,143,61,0,1
0,143,65,0,1
0,143,75,0,1
0,143,79,0,12
0,143,80,0,1
0,144,39,0,1
0,144,70,1,2
0,144,82,0,1
0,145,79,0,1
0,145,83,0,2
0,145,85,1,1
0,146,64,0,1
0,146,80,0,1
0,146,84,0,1
0,146,91,1,1
0,147,71,0,1
0,147,80,0,1
0,147,87,0,2
0,148,75,0,2
0,148,82,0,1
0,148,83,0,1
0,148,86,0,1
0,148,87,1,1
0,148,88,0,1
0,148,91,0,1
0,148,94,0,1
0,149,74,0,1
0,149,77,0,1
0,149,79,0,1
0,149,89,0,1
0,150,72,9,0
0,150,78,0,9
0,150,79,1,4
0,150,85,0,1
0,150,93,1,0
0,151,60,1,0
0,151,65,0,3
0,151,77,0,2
0,152,70,0,1
0,152,73,0,1
0,152,78,0,1
0,152,88,0,1
0,153,51,0,1
0,153,73,0,1
0,153,74,0,3
0,155,70,0,1
0,155,71,0,5
0,155,90,0,1
0,156,71,0,4
0,156,75,0,1
0,157,72,0,1
0,157,83,1,1
0,158,77,0,2
0,159,108,0,2
0,161,75,0,1
0,166,46,2,0
0,168,67,2,0
0,197,79,0,1
1,73,75,0,1
1,78,69,0,1
1,95,83,0,1
1,102,76,0,1
1,107,57,0,1
1,110,101,0,1
1,112,79,0,1
1,112,81,0,1
1,112,82,0,1
1,113,76,0,2
1,113,83,0,1
1,114,76,0,1
1,114,79,0,1
1,114,80,0,1
1,115,80,0,1
1,116,72,1,0
1,116,82,1,2
1,117,67,0,1
1,117,78,0,1
1,117,81,0,1
1,117,82,0,1
1,118,71,0,1
1,118,78,0,1
1,118,79,0,1
1,118,87,0,1
1,119,78,0,1
1,120,78,1,2
1,121,77,0,1
1,121,78,0,1
1,121,79,0,1
1,121,87,0,1
1,122,80,0,2
1,123,77,0,1
1,123,79,0,1
1,124,59,0,1
1,124,74,0,1
1,124,79,0,1
1,124,80,0,1
1,125,78,0,1
1,125,79,0,1
1,125,81,1,0
1,125,87,0,1
1,125,104,0,1
1,128,61,0,1
1,128,73,0,1
1,128,77,0,5
1,128,80,0,1
1,129,69,0,1
1,129,78,0,1
1,129,80,0,1
1,129,88,0,1
1,130,75,0,1
1,130,76,0,1
1,130,77,0,2
1,130,95,0,1
1,131,67,0,4
1,131,72,0,5
1,131,73,1,7
1,131,76,0,2
1,131,78,0,1
1,132,66,0,1
1,132,73,0,1
1,132,74,1,6
1,132,76,0,2
1,132,79,0,2
1,133,78,0,1
1,134,68,0,1
1,134,71,0,3
1,134,72,0,1
1,134,74,0,1
1,134,81,0,1
1,134,95,0,2
1,134,100,0,1
1,135,68,0,1
1,135,74,0,3
1,135,75,0,1
1,135,76,0,2
1,135,96,0,1
1,136,65,0,1
1,136,70,1,3
1,136,71,0,1
1,136,89,0,1
1,137,66,0,3
1,137,69,0,3
1,137,71,0,1
1,137,75,0,1
1,138,60,0,2
1,138,67,0,3
1,138,69,0,5
1,138,72,0,2
1,138,79,4,83
1,138,80,0,1
1,139,69,0,1
1,139,75,1,0
1,139,77,0,1
1,140,57,0,1
1,140,70,0,4
1,140,72,0,1
1,140,78,0,3
1,140,79,0,1
1,140,92,0,1
1,141,62,2,5
1,141,69,0,1
1,141,70,0,11
1,141,72,1,1
1,142,60,0,1
1,142,66,0,1
1,142,69,0,1
1,142,79,0,1
1,143,65,1,0
1,143,75,0,2
1,143,79,1,7
1,143,80,0,2
1,144,40,0,1
1,144,80,1,0
1,144,81,0,1
1,144,86,0,1
1,145,66,0,1
1,145,79,0,2
1,145,84,0,1
1,145,85,0,1
1,146,64,0,3
1,147,88,0,1
1,147,94,0,2
1,148,72,0,1
1,148,75,0,3
1,148,87,1,1
1,148,94,0,2
1,149,64,0,1
1,149,74,0,1
1,149,77,0,2
1,149,89,0,1
1,149,90,0,1
1,150,72,1,1
1,150,78,0,8
1,150,79,2,3
1,150,90,0,1
1,150,93,0,2
1,151,65,0,3
1,151,77,0,2
1,152,71,0,1
1,152,72,0,2
1,152,75,0,1
1,152,76,0,1
1,152,80,0,1
1,152,91,1,0
1,153,66,0,1
1,154,74,0,1
1,154,91,0,1
1,155,72,0,1
1,155,89,0,1
1,156,76,2,0
1,156,77,0,1
1,156,80,1,0
1,158,64,0,1
1,159,72,0,1
1,159,87,0,1
1,166,46,1,0
1,170,72,0,1
1,180,64,0,1
1,187,68,1,0
2,93,105,0,1
2,101,80,0,1
2,107,57,0,1
2,110,73,0,1
2,113,50,0,1
2,113,76,0,1
2,114,76,0,1
2,115,78,0,1
2,116,72,1,0
2,116,81,0,1
2,117,79,0,1
2,117,106,0,1
2,117,111,0,1
2,118,79,0,1
2,119,78,0,1
2,120,96,0,1
2,123,90,0,1
2,124,66,0,1
2,125,77,0,2
2,126,52,0,1
2,126,56,0,1
2,126,87,0,1
2,127,58,0,3
2,128,73,0,1
2,128,77,0,4
2,129,69,0,2
2,130,68,0,5
2,130,77,0,1
2,131,72,0,3
2,131,73,1,3
2,131,76,0,2
2,133,56,0,1
2,133,79,0,1
2,133,83,0,1
2,134,64,0,1
2,134,72,0,3
2,134,83,0,1
2,134,107,0,1
2,135,69,0,2
2,135,74,0,1
2,135,75,0,1
2,135,76,0,2
2,135,79,0,1
2,135,81,0,1
2,135,83,0,1
2,136,64,0,2
2,136,70,0,5
2,136,77,0,1
2,136,81,0,1
2,136,87,0,1
2,137,66,0,1
2,137,127,2,0
2,138,66,0,1
2,138,71,1,3
2,138,72,0,3
2,138,79,4,64
2,139,70,0,1
2,140,61,0,1
2,140,62,1,0
2,140,70,0,2
2,141,62,0,1
2,141,70,0,6
2,141,78,0,1
2,142,69,0,1
2,142,73,0,1
2,142,74,0,1
2,142,78,0,1
2,143,75,4,0
2,143,79,0,4
2,143,81,0,1
2,144,71,0,1
2,144,73,0,1
2,144,79,0,2
2,144,80,0,1
2,144,81,0,1
2,144,90,0,1
2,145,78,0,1
2,145,83,0,1
2,145,85,0,1
2,146,93,0,1
2,147,75,0,1
2,147,85,0,1
2,147,92,0,2
2,148,75,0,3
2,148,87,1,0
2,149,74,0,1
2,149,78,0,1
2,149,79,0,1
2,150,71,0,1
2,150,72,3,0
2,150,78,0,13
2,150,79,0,2
2,150,94,0,1
2,151,56,0,1
2,151,65,0,1
2,151,77,0,1
2,151,84,0,1
2,152,69,0,1
2,152,75,0,1
2,152,78,0,1
2,152,80,0,2
2,153,72,0,1
2,153,74,0,2
2,155,71,0,3
2,155,85,0,1
2,156,76,1,0
2,157,71,0,1
2,157,84,0,1
2,162,82,0,1
2,174,63,0,1
2,176,85,0,1
2,201,100,0,1
3,78,76,0,1
3,94,76,0,1
3,107,57,0,1
3,110,106,0,2
3,114,61,0,1
3,116,72,1,0
3,117,82,0,1
3,118,78,0,1
3,119,75,0,1
3,119,79,0,1
3,119,81,0,1
3,121,69,0,1
3,123,59,0,1
3,124,74,0,1
3,124,81,0,1
3,127,67,0,1
3,127,78,0,1
3,128,77,0,1
3,129,69,0,7
3,129,91,0,1
3,130,60,0,1
3,130,75,0,1
3,131,67,0,4
3,131,73,0,2
3,132,73,0,3
3,132,77,0,1
3,133,83,0,1
3,134,58,0,1
3,134,72,0,1
3,135,69,0,2
3,135,81,1,0
3,136,67,0,1
3,136,81,0,1
3,137,66,0,2
3,137,84,0,1
3,138,59,0,1
3,138,60,0,2
3,138,69,0,1
3,138,72,0,3
3,138,79,2,46
3,139,64,0,1
3,139,75,0,1
3,140,62,0,1
3,140,65,0,1
3,140,66,0,1
3,140,67,0,1
3,140,69,0,1
3,140,70,0,1
3,140,71,0,1
3,140,78,0,3
3,141,70,0,1
3,141,104,0,1
3,143,79,0,3
3,143,80,1,1
3,144,59,1,0
3,145,80,0,1
3,146,65,0,1
3,146,82,0,1
3,147,81,0,2
3,147,87,0,1
3,148,75,0,5
3,148,85,0,1
3,148,87,1,1
3,148,88,0,1
3,149,77,0,2
3,149,79,1,0
3,150,78,0,1
3,150,79,0,2
3,151,77,6,8
3,152,75,0,2
3,154,89,0,1
3,154,90,0,1
3,157,71,0,1
3,157,83,0,1
3,165,87,0,1
3,168,62,0,1
3,178,123,0,1
4,73,75,0,1
4,91,60,0,1
4,94,76,0,2
4,103,66,0,2
4,107,57,0,1
4,109,73,0,1
4,111,95,0,1
4,112,101,0,1
4,114,81,0,1
4,116,72,3,0
4,120,79,0,1
4,121,77,0,2
4,121,79,0,1
4,125,78,0,1
4,126,87,0,2
4,128,77,0,1
4,130,68,0,1
4,130,77,0,1
4,130,81,0,1
4,131,67,0,1
4,131,73,0,3
4,132,74,0,1
4,133,78,0,1
4,134,74,0,1
4,134,79,0,1
4,135,95,0,1
4,136,74,0,1
4,136,89,0,3
4,137,66,0,1
4,138,69,0,1
4,138,72,0,5
4,138,79,0,59
4,139,63,0,1
4,139,70,0,1
4,140,61,0,1
4,140,69,0,1
4,140,78,0,1
4,141,62,0,1
4,141,78,0,1
4,143,47,1,0
4,143,80,0,1
4,144,71,0,1
4,144,75,0,1
4,146,79,1,1
4,147,65,0,1
4,148,87,1,0
4,149,74,0,4
4,150,78,0,1
4,151,76,0,1
4,151,91,0,1
4,152,55,1,0
4,152,66,0,1
4,154,82,1,0
4,155,71,0,1
4,155,99,1,0
4,156,76,0,1
4,157,67,1,0
4,157,73,0,1
4,158,81,1,0
4,160,87,1,0
4,161,95,1,0
4,170,70,1,0
4,174,118,1,0
4,180,105,1,0
5,94,63,0,1
5,103,42,0,1
5,107,57,0,4
5,112,77,0,1
5,113,50,0,3
5,116,72,1,0
5,117,80,0,1
5,118,80,0,1
5,119,79,0,3
5,121,77,0,1
5,121,79,0,2
5,124,74,0,1
5,130,68,0,2
5,131,76,0,1
5,132,73,0,4
5,133,77,0,1
5,133,78,0,2
5,134,68,0,1
5,134,71,0,1
5,135,71,0,1
5,135,74,0,2
5,136,74,0,2
5,136,79,0,1
5,137,72,1,2
5,138,67,0,1
5,138,72,0,2
5,138,79,1,40
5,139,62,0,2
5,140,70,0,1
5,141,57,0,1
5,141,70,0,4
5,143,75,0,2
5,143,79,0,1
5,143,81,0,1
5,144,73,0,1
5,144,75,0,2
5,145,74,0,1
5,147,69,0,1
5,147,80,0,1
5,147,81,0,1
5,148,79,0,1
5,148,87,1,0
5,148,88,0,2
5,149,77,0,1
5,149,89,0,1
5,150,78,0,3
5,151,76,0,1
5,151,77,0,1
5,151,79,0,1
5,152,75,0,1
5,152,80,0,1
5,155,71,0,1
5,172,85,0,1
6,107,57,0,2
6,108,58,0,1
6,112,76,0,1
6,116,72,1,0
6,117,81,0,1
6,118,78,0,1
6,119,79,0,1
6,120,78,0,1
6,121,79,0,1
6,122,80,0,1
6,128,98,0,1
6,130,68,0,2
6,131,72,0,1
6,131,73,1,0
6,131,76,0,2
6,131,81,0,1
6,132,73,0,1
6,132,74,0,4
6,134,64,0,1
6,135,45,0,1
6,135,76,0,1
6,136,70,0,1
6,136,81,0,1
6,137,69,0,1
6,138,55,0,1
6,138,62,0,9
6,138,70,0,1
6,138,72,1,3
6,138,79,0,21
6,139,71,2,2
6,140,69,0,1
6,140,70,7,0
6,140,73,0,1
6,140,78,0,2
6,141,70,1,4
6,141,73,0,1
6,142,64,0,1
6,142,74,0,1
6,143,75,0,1
6,143,79,0,4
6,144,59,0,1
6,146,64,0,1
6,148,79,0,1
6,148,87,1,0
6,148,94,0,1
6,149,74,0,1
6,151,80,0,1
6,152,75,0,1
6,154,73,0,3
6,156,76,0,1
6,157,73,0,1
6,157,83,0,1
6,159,54,0,1
6,160,87,1,0
6,163,81,0,1
7,80,53,0,1
7,105,96,0,1
7,106,57,0,1
7,111,78,0,1
7,114,81,1,0
7,116,72,1,0
7,120,79,0,1
7,121,79,1,0
7,125,78,0,2
7,128,73,0,2
7,128,82,0,1
7,129,61,0,1
7,129,76,0,1
7,130,77,0,1
7,131,72,0,1
7,131,73,3,3
7,132,74,0,1
7,132,77,0,1
7,134,68,1,0
7,134,72,1,0
7,134,73,0,1
7,135,86,0,1
7,136,69,0,1
7,137,65,0,1
7,137,66,0,1
7,137,70,0,1
7,137,72,2,0
7,137,76,0,1
7,137,79,0,1
7,137,85,0,1
7,138,69,0,1
7,138,72,0,1
7,138,79,0,20
7,139,75,0,1
7,140,59,0,1
7,140,78,0,1
7,141,70,0,4
7,143,75,0,1
7,143,79,0,2
7,143,80,0,1
7,144,73,0,3
7,146,64,0,1
7,148,87,1,0
7,148,88,0,1
7,149,79,0,1
7,150,79,0,1
7,152,72,0,1
7,153,72,1,0
7,154,38,1,0
7,155,71,0,1
7,180,108,0,1
7,184,92,0,1
8,71,106,1,1
8,89,110,0,1
8,95,77,0,1
8,107,41,0,1
8,107,57,1,5
8,109,78,0,1
8,109,82,0,1
8,111,78,0,1
8,111,87,1,1
8,114,81,0,1
8,114,86,0,1
8,114,104,0,1
8,115,78,0,1
8,116,72,1,0
8,117,87,0,1
8,117,100,0,1
8,119,78,0,1
8,119,79,0,1
8,119,84,0,1
8,120,78,0,1
8,121,78,0,1
8,121,79,0,1
8,122,78,0,4
8,122,80,0,1
8,124,74,0,1
8,124,78,0,1
8,126,58,0,1
8,127,63,1,1
8,127,70,0,1
8,128,60,0,1
8,129,80,1,0
8,130,77,0,1
8,130,95,0,1
8,131,72,0,4
8,131,73,5,5
8,131,76,0,2
8,132,73,0,4
8,132,74,0,1
8,132,81,0,1
8,133,56,0,1
8,133,59,0,1
8,133,78,0,1
8,134,58,0,1
8,134,69,0,1
8,134,77,0,1
8,134,81,0,1
8,134,84,0,1
8,134,87,0,8
8,135,73,0,1
8,135,76,0,1
8,136,63,0,1
8,136,70,0,1
8,137,65,0,1
8,137,68,0,1
8,137,72,0,1
8,137,85,0,1
8,138,55,0,1
8,138,60,0,1
8,138,61,0,1
8,138,66,0,2
8,138,67,0,2
8,138,68,0,1
8,138,71,0,2
8,138,72,0,4
8,138,79,3,53
8,139,67,0,1
8,139,71,1,0
8,139,75,0,1
8,140,61,0,1
8,140,69,1,0
8,140,70,0,1
8,140,78,0,1
8,141,70,0,5
8,142,74,0,1
8,142,78,0,1
8,142,85,0,1
8,144,79,0,1
8,145,80,1,1
8,147,69,0,1
8,147,79,0,1
8,148,75,0,1
8,148,82,0,1
8,148,87,1,0
8,148,94,0,1
8,149,74,0,2
8,149,77,0,1
8,149,79,0,1
8,150,78,0,4
8,150,79,0,1
8,150,85,0,1
8,151,77,0,1
8,151,79,0,1
8,152,78,1,0
8,153,56,0,1
8,155,72,0,1
8,155,90,0,1
8,158,74,0,1
8,162,111,0,2
8,185,77,0,1
8,189,62,0,1
9,65,69,0,1
9,78,62,0,1
9,86,119,1,0
9,88,30,0,1
9,95,83,0,1
9,96,64,0,1
9,96,108,0,1
9,98,97,0,1
9,99,83,0,1
9,99,112,0,1
9,107,57,0,9
9,107,78,0,1
9,109,72,0,1
9,109,78,0,1
9,110,58,0,1
9,110,74,0,1
9,110,78,0,1
9,111,82,0,1
9,112,77,0,1
9,114,81,0,1
9,115,77,0,1
9,115,80,0,1
9,115,85,1,0
9,115,86,0,1
9,116,71,0,1
9,116,72,1,0
9,116,77,0,1
9,116,80,0,1
9,117,78,0,1
9,117,80,0,1
9,117,83,0,1
9,118,78,1,0
9,118,80,0,1
9,118,106,0,1
9,119,78,0,1
9,119,79,0,1
9,119,87,0,1
9,120,70,0,1
9,120,74,0,1
9,120,78,0,2
9,120,96,0,1
9,121,64,0,1
9,121,77,0,1
9,121,78,0,1
9,121,93,0,1
9,122,78,0,1
9,125,73,0,1
9,125,78,0,2
9,125,81,0,1
9,126,58,0,1
9,126,87,0,1
9,127,74,0,1
9,128,72,0,1
9,129,69,1,2
9,129,76,0,1
9,129,84,0,1
9,130,68,0,2
9,131,72,1,6
9,131,73,2,6
9,131,76,0,5
9,132,73,0,7
9,132,74,0,1
9,132,76,0,1
9,133,85,0,1
9,134,64,0,2
9,134,66,0,1
9,134,69,0,2
9,134,71,0,4
9,134,72,2,0
9,134,83,0,1
9,134,87,0,1
9,134,100,0,1
9,135,59,0,1
9,135,66,1,0
9,135,68,1,0
9,135,74,0,3
9,135,75,0,2
9,135,76,0,2
9,135,87,0,1
9,136,63,0,1
9,136,68,0,2
9,136,70,0,1
9,136,74,0,1
9,137,71,1,2
9,137,72,0,2
9,137,74,0,1
9,137,78,0,1
9,138,60,1,3
9,138,61,0,1
9,138,62,0,1
9,138,66,0,1
9,138,67,0,2
9,138,69,0,2
9,138,72,2,7
9,138,75,0,1
9,138,79,2,106
9,139,57,0,1
9,139,62,0,2
9,139,66,0,1
9,139,71,3,0
9,139,73,0,1
9,139,89,0,1
9,140,59,0,2
9,140,61,0,1
9,140,66,0,2
9,140,67,0,3
9,140,70,0,2
9,140,92,0,3
9,141,67,0,1
9,141,70,0,1
9,142,60,0,1
9,142,71,0,1
9,142,78,0,1
9,143,77,0,1
9,143,78,0,1
9,143,79,0,9
9,144,67,0,2
9,144,73,0,1
9,144,90,0,1
9,145,66,0,1
9,146,62,0,1
9,146,64,0,1
9,146,67,0,1
9,146,75,0,2
9,146,79,0,1
9,147,69,0,1
9,147,75,0,2
9,147,85,0,1
9,147,94,0,1
9,148,75,0,1
9,148,79,0,1
9,148,87,1,0
9,149,74,0,2
9,149,77,0,1
9,149,79,0,1
9,149,80,0,1
9,149,99,0,1
9,150,78,0,6
9,151,75,0,2
9,151,77,1,2
9,151,79,0,1
9,152,72,1,0
9,153,73,0,2
9,154,73,0,1
9,154,74,0,1
9,155,71,0,2
9,155,75,0,1
9,156,80,0,1
9,158,60,0,1
9,158,78,0,1
9,162,47,0,1
9,162,66,0,1
9,164,59,0,1
9,167,76,0,1
9,168,90,0,1
9,170,70,1,0
9,174,77,0,1
9,176,44,0,1
9,184,60,0,1
9,187,62,0,1
9,202,100,0,1
9,207,140,0,1
9,208,105,0,1
10,69,60,0,1
10,72,121,0,1
10,82,61,0,1
10,86,65,0,2
10,90,31,0,1
10,95,83,0,1
10,97,83,0,1
10,98,97,0,1
10,98,109,1,1
10,99,112,0,1
10,102,95,0,2
10,103,66,0,1
10,104,41,1,0
10,105,78,0,1
10,105,79,0,2
10,106,45,0,1
10,106,89,0,1
10,107,57,0,10
10,108,104,0,1
10,109,72,0,2
10,110,74,0,1
10,110,78,0,1
10,113,50,0,1
10,113,83,0,1
10,114,80,0,1
10,114,81,0,1
10,115,80,0,1
10,115,91,0,1
10,116,72,2,0
10,117,67,0,1
10,117,78,0,3
10,117,80,0,1
10,118,78,0,2
10,118,80,0,2
10,118,99,0,1
10,118,100,0,1
10,119,78,0,4
10,119,79,0,1
10,119,85,0,1
10,119,96,0,1
10,120,78,0,3
10,121,78,0,2
10,121,85,0,1
10,122,57,1,0
10,122,80,0,1
10,123,76,0,1
10,124,59,0,1
10,124,70,0,2
10,124,74,0,1
10,125,78,0,1
10,125,80,0,1
10,126,52,0,1
10,126,58,0,1
10,126,70,1,0
10,126,72,0,1
10,126,74,0,1
10,127,58,0,1
10,127,98,0,2
10,128,73,0,3
10,128,80,0,2
10,128,86,0,2
10,129,60,0,1
10,129,68,0,1
10,129,69,0,1
10,129,70,0,1
10,129,76,0,6
10,129,79,1,1
10,129,88,0,1
10,130,68,0,1
10,130,73,0,1
10,130,76,0,3
10,130,77,0,1
10,130,119,0,1
10,131,72,1,6
10,131,73,1,13
10,131,76,1,5
10,132,55,0,1
10,132,72,0,1
10,132,73,0,6
10,132,74,0,4
10,132,76,0,3
10,133,70,0,1
10,133,71,0,1
10,134,64,0,4
10,134,68,0,1
10,134,69,0,1
10,134,71,0,3
10,134,72,0,2
10,134,87,0,1
10,134,97,0,1
10,134,99,0,1
10,135,33,0,1
10,135,66,0,2
10,135,73,0,1
10,135,75,0,2
10,135,76,0,2
10,135,100,0,1
10,136,50,0,1
10,136,62,0,1
10,136,65,0,1
10,136,68,0,1
10,136,70,1,6
10,136,74,0,2
10,137,49,0,1
10,137,63,0,1
10,137,65,1,3
10,137,66,0,1
10,137,68,0,1
10,137,71,0,1
10,137,84,0,2
10,138,60,0,3
10,138,61,0,1
10,138,64,1,0
10,138,67,0,10
10,138,69,0,3
10,138,70,0,2
10,138,71,0,3
10,138,72,0,6
10,138,79,2,127
10,139,53,0,1
10,140,54,1,0
10,140,61,0,1
10,140,66,0,1
10,140,70,0,3
10,140,78,0,2
10,141,60,3,0
10,141,69,1,0
10,141,70,1,14
10,141,78,1,0
10,141,80,1,0
10,142,62,0,1
10,142,64,0,3
10,142,69,0,1
10,143,79,2,14
10,144,60,0,1
10,144,74,0,1
10,144,85,0,1
10,145,65,0,1
10,145,80,0,1
10,145,89,0,1
10,146,63,0,1
10,146,65,1,0
10,146,67,0,1
10,146,84,0,1
10,146,85,0,1
10,146,88,0,1
10,147,76,0,1
10,147,81,0,1
10,147,85,0,1
10,147,87,0,1
10,148,71,0,1
10,148,75,1,3
10,148,87,1,0
10,148,94,0,2
10,149,34,0,1
10,149,74,0,1
10,149,75,0,1
10,149,77,1,2
10,149,78,0,1
10,149,79,0,3
10,150,57,1,1
10,150,78,1,8
10,150,113,0,1
10,151,65,1,1
10,151,69,0,1
10,151,75,0,4
10,151,76,1,1
10,151,77,0,1
10,151,78,1,0
10,151,79,0,1
10,151,80,0,1
10,152,51,0,1
10,152,72,1,1
10,152,73,0,2
10,152,76,1,1
10,153,27,0,4
10,153,55,0,1
10,153,66,0,3
10,153,72,1,0
10,153,74,0,2
10,154,38,1,0
10,154,76,0,1
10,154,90,0,1
10,155,72,0,1
10,156,75,0,1
10,157,83,0,1
10,157,84,0,1
10,157,113,0,1
10,158,64,0,1
10,160,27,0,1
10,160,80,0,1
10,161,11,0,1
10,163,63,0,1
10,168,63,0,1
10,168,103,0,1
10,169,63,0,1
10,170,77,0,1
10,174,63,0,1
10,176,107,0,1
10,181,74,0,1
10,185,96,0,1
10,187,101,0,1
10,207,140,0,1
11,71,61,0,1
11,85,56,1,1
11,91,60,0,1
11,94,73,0,1
11,100,65,0,1
11,101,80,0,1
11,102,77,0,1
11,104,22,1,0
11,106,77,0,1
11,106,82,0,2
11,107,22,0,1
11,107,57,2,3
11,108,76,1,1
11,108,77,0,1
11,108,100,0,1
11,109,72,0,2
11,109,73,0,1
11,109,81,0,1
11,110,68,0,1
11,110,74,0,2
11,110,76,0,1
11,110,78,0,1
11,110,86,0,1
11,111,79,0,1
11,111,105,0,1
11,112,51,0,1
11,112,79,0,1
11,112,82,0,1
11,112,88,0,3
11,113,72,0,1
11,114,81,0,1
11,115,68,0,1
11,115,80,0,1
11,115,81,0,1
11,116,32,0,1
11,116,72,1,0
11,116,79,0,3
11,117,49,0,1
11,117,76,1,0
11,118,55,0,1
11,118,78,0,2
11,118,80,0,1
11,118,82,0,1
11,119,77,0,1
11,119,79,0,1
11,119,93,0,1
11,119,98,0,1
11,120,70,0,2
11,120,75,0,1
11,120,99,0,1
11,121,62,0,1
11,121,72,0,1
11,121,77,0,2
11,121,78,0,2
11,121,79,0,1
11,122,78,0,1
11,122,80,0,1
11,123,57,1,1
11,123,76,0,1
11,123,88,0,1
11,123,99,0,1
11,124,74,0,3
11,124,79,0,1
11,125,37,0,1
11,125,73,1,4
11,125,77,0,1
11,125,78,0,1
11,125,81,0,1
11,126,52,0,1
11,126,58,0,3
11,126,68,0,1
11,126,83,0,1
11,127,81,0,1
11,128,73,0,2
11,128,77,0,1
11,128,81,0,1
11,128,87,0,1
11,129,68,0,1
11,129,69,0,4
11,129,76,0,4
11,129,84,0,1
11,130,54,0,1
11,130,68,0,2
11,130,72,1,2
11,130,76,0,1
11,130,110,1,1
11,131,67,0,1
11,131,72,0,10
11,131,73,2,13
11,131,75,0,1
11,131,76,0,7
11,132,68,0,1
11,132,73,1,12
11,132,74,0,3
11,133,53,0,1
11,133,56,0,1
11,133,65,0,1
11,133,70,0,1
11,133,77,1,0
11,133,85,0,1
11,134,64,0,3
11,134,68,0,2
11,134,69,2,2
11,134,70,0,1
11,134,71,1,3
11,134,72,1,1
11,134,83,0,1
11,134,87,0,2
11,134,95,0,1
11,135,33,1,2
11,135,66,0,2
11,135,69,0,1
11,135,71,0,1
11,135,72,1,0
11,135,74,0,4
11,135,75,0,1
11,135,76,0,4
11,135,77,1,1
11,136,69,0,1
11,136,70,0,3
11,136,73,1,0
11,136,74,0,2
11,136,76,0,2
11,137,50,0,1
11,137,57,0,1
11,137,61,0,3
11,137,65,0,5
11,137,66,0,3
11,137,67,0,1
11,137,68,0,2
11,137,71,0,2
11,137,73,0,1
11,137,85,0,1
11,138,60,0,6
11,138,61,0,1
11,138,62,0,5
11,138,64,0,2
11,138,67,0,4
11,138,69,0,1
11,138,71,0,2
11,138,72,1,9
11,138,75,0,1
11,138,79,7,144
11,139,49,0,1
11,139,63,0,1
11,139,66,0,1
11,139,67,0,1
11,139,69,0,2
11,139,80,0,1
11,140,53,0,1
11,140,56,0,1
11,140,61,0,2
11,140,66,0,3
11,140,67,0,1
11,140,68,0,2
11,140,69,0,1
11,140,70,1,4
11,140,73,1,1
11,140,74,1,0
11,140,82,0,1
11,141,59,0,2
11,141,60,1,0
11,141,61,0,1
11,141,62,0,1
11,141,64,0,1
11,141,68,0,2
11,141,69,1,1
11,141,70,0,10
11,142,61,0,1
11,142,62,0,1
11,142,66,0,1
11,142,71,1,0
11,142,73,0,1
11,142,78,0,1
11,142,81,0,1
11,143,67,0,1
11,143,75,0,1
11,143,77,0,2
11,143,79,0,8
11,143,80,0,1
11,144,60,0,1
11,144,64,0,1
11,144,71,0,1
11,144,79,1,1
11,144,80,0,1
11,144,82,0,1
11,145,66,0,1
11,145,85,0,1
11,145,87,0,1
11,145,90,1,1
11,145,91,1,0
11,146,65,2,1
11,146,67,0,1
11,146,75,1,2
11,146,78,0,1
11,146,80,0,1
11,146,82,0,1
11,146,83,1,0
11,146,86,0,1
11,146,110,0,2
11,147,60,0,1
11,147,83,0,2
11,147,86,0,1
11,147,87,0,1
11,147,94,0,2
11,148,75,1,2
11,148,82,0,1
11,148,87,1,1
11,148,91,0,1
11,148,94,0,1
11,148,95,0,1
11,149,74,0,2
11,149,79,0,2
11,149,89,0,1
11,149,101,0,1
11,150,72,1,0
11,150,78,1,6
11,150,79,0,2
11,151,75,0,2
11,151,77,0,1
11,152,70,0,1
11,152,74,0,2
11,152,76,0,1
11,152,78,0,1
11,152,80,0,1
11,153,72,1,0
11,153,73,0,1
11,153,74,0,1
11,153,80,0,2
11,154,56,0,1
11,154,71,0,1
11,154,90,0,1
11,154,91,0,2
11,155,68,0,1
11,155,71,0,4
11,155,79,0,1
11,155,80,0,1
11,156,61,0,1
11,156,71,0,1
11,156,76,0,1
11,156,77,1,0
11,156,78,0,1
11,156,80,0,1
11,157,83,0,2
11,157,84,0,1
11,159,73,0,1
11,161,116,0,1
11,162,47,0,1
11,162,113,0,1
11,168,103,0,2
11,171,72,0,1
11,172,86,0,1
11,173,96,0,1
11,174,77,0,4
11,177,57,0,1
11,187,101,0,1
11,188,98,0,1
11,190,74,0,1
11,202,100,0,1
12,76,113,0,1
12,78,76,0,2
12,80,68,0,1
12,83,93,0,1
12,86,64,0,1
12,91,60,0,1
12,91,80,0,1
12,93,105,0,1
12,94,76,0,2
12,95,63,0,1
12,99,104,0,1
12,100,65,0,1
12,102,78,0,1
12,107,57,1,8
12,109,73,0,1
12,110,106,0,2
12,111,71,1,0
12,111,76,0,1
12,111,79,0,1
12,112,76,1,2
12,112,88,0,1
12,113,100,0,1
12,114,76,0,2
12,114,81,0,2
12,114,93,0,1
12,115,77,0,1
12,115,80,0,1
12,116,37,1,0
12,116,72,1,0
12,116,81,0,3
12,117,64,0,1
12,117,80,0,1
12,117,82,0,1
12,117,100,0,1
12,118,77,0,1
12,118,80,0,3
12,118,82,0,1
12,119,66,0,1
12,119,78,1,4
12,119,79,0,2
12,120,74,0,1
12,120,78,0,3
12,120,79,1,2
12,121,69,0,1
12,121,77,2,5
12,121,78,0,1
12,121,79,0,1
12,121,80,0,1
12,121,83,0,1
12,122,59,0,1
12,122,80,0,3
12,122,81,0,1
12,123,58,0,1
12,123,62,0,1
12,123,78,0,1
12,123,80,0,1
12,124,74,0,4
12,124,79,0,1
12,125,73,0,1
12,125,81,1,0
12,126,65,0,1
12,126,70,0,1
12,126,86,0,1
12,126,87,0,2
12,127,58,0,1
12,128,57,0,1
12,128,73,0,2
12,128,80,0,1
12,129,55,0,1
12,129,69,0,6
12,129,76,0,3
12,129,88,0,1
12,129,90,0,1
12,130,61,0,1
12,130,68,0,1
12,130,72,0,1
12,130,76,0,2
12,130,77,0,2
12,130,110,0,1
12,131,55,0,1
12,131,67,0,1
12,131,72,0,11
12,131,73,4,24
12,131,76,0,5
12,131,77,0,1
12,132,47,0,1
12,132,73,0,6
12,132,74,0,2
12,132,76,0,5
12,133,70,0,1
12,133,76,0,1
12,133,77,0,2
12,133,81,0,1
12,133,83,0,1
12,133,85,0,2
12,134,64,1,2
12,134,68,0,1
12,134,69,0,3
12,134,70,0,2
12,134,71,0,1
12,134,72,2,2
12,134,73,0,1
12,134,74,0,1
12,134,76,0,1
12,134,79,0,1
12,134,87,0,1
12,135,57,0,2
12,135,61,0,1
12,135,66,1,0
12,135,69,0,1
12,135,71,0,1
12,135,72,1,0
12,135,73,1,0
12,135,74,0,3
12,135,75,0,1
12,135,76,0,1
12,135,77,1,1
12,135,82,0,1
12,135,83,1,0
12,135,90,0,1
12,136,62,1,0
12,136,64,0,1
12,136,68,1,0
12,136,69,0,1
12,136,70,0,8
12,136,74,1,0
12,136,79,0,2
12,136,81,0,1
12,136,87,0,1
12,137,61,0,2
12,137,62,0,1
12,137,65,0,1
12,137,67,0,1
12,137,68,0,1
12,137,69,1,1
12,137,71,0,1
12,137,75,0,2
12,138,43,0,1
12,138,55,0,1
12,138,56,0,1
12,138,60,0,1
12,138,63,0,1
12,138,67,0,1
12,138,69,0,3
12,138,71,1,2
12,138,72,0,6
12,138,79,2,167
12,139,48,0,1
12,139,53,0,1
12,139,58,0,1
12,139,63,0,2
12,139,67,0,2
12,139,70,1,0
12,139,71,1,0
12,139,72,0,1
12,139,74,0,1
12,139,75,0,2
12,139,81,0,1
12,140,48,0,1
12,140,53,0,1
12,140,56,0,1
12,140,61,0,1
12,140,62,0,1
12,140,64,0,1
12,140,65,0,1
12,140,68,0,1
12,140,69,0,2
12,140,70,0,5
12,140,73,0,1
12,140,78,0,1
12,140,82,0,1
12,141,58,0,1
12,141,67,0,4
12,141,69,1,0
12,141,70,1,11
12,141,84,0,1
12,142,64,0,1
12,142,67,0,1
12,142,71,0,1
12,142,72,0,1
12,142,79,0,1
12,143,63,0,4
12,143,75,0,1
12,143,78,0,1
12,143,79,1,10
12,143,80,0,2
12,144,60,1,1
12,144,61,1,0
12,144,71,0,1
12,144,75,0,1
12,144,79,0,1
12,144,81,0,1
12,144,83,0,1
12,144,85,0,1
12,144,132,0,1
12,145,49,0,1
12,145,58,1,1
12,145,71,0,1
12,145,80,0,1
12,145,83,0,1
12,145,84,0,2
12,146,64,0,1
12,146,65,2,0
12,146,75,0,1
12,146,78,0,1
12,146,81,0,1
12,146,82,0,2
12,146,83,0,1
12,146,86,0,1
12,146,126,1,0
12,147,59,0,1
12,147,66,1,0
12,147,83,0,1
12,148,72,0,1
12,148,75,2,9
12,148,79,0,1
12,148,82,1,0
12,148,86,0,1
12,148,87,1,0
12,148,88,0,1
12,148,94,0,1
12,148,95,0,1
12,149,74,0,2
12,149,75,0,1
12,149,77,0,3
12,149,78,0,1
12,149,79,0,1
12,149,101,0,1
12,150,76,1,0
12,150,78,1,9
12,150,79,0,1
12,150,85,0,1
12,151,65,0,3
12,151,70,0,1
12,151,77,0,2
12,151,79,0,3
12,151,95,0,1
12,152,75,0,1
12,152,76,0,2
12,152,80,0,2
12,153,66,0,1
12,153,72,0,1
12,153,74,0,2
12,153,89,0,1
12,154,70,1,0
12,154,72,0,1
12,154,73,0,1
12,154,74,0,1
12,154,90,0,1
12,155,71,0,6
12,156,61,0,1
12,157,72,0,1
12,157,73,0,1
12,157,75,0,1
12,157,83,0,1
12,158,72,0,1
12,159,68,0,1
12,159,75,1,0
12,159,87,0,1
12,162,22,0,1
12,162,47,0,1
12,163,72,0,1
12,164,66,0,1
12,167,71,1,0
12,171,76,0,1
12,173,77,0,1
12,176,108,1,1
12,177,113,0,1
12,178,94,0,2
12,179,74,0,1
12,179,105,0,1
12,182,73,0,1
12,186,122,0,1
12,189,69,0,2
12,190,98,0,1
12,190,114,0,1
12,204,110,0,1
12,208,105,0,3
12,217,106,0,1
13,59,122,0,1
13,76,113,1,1
13,78,76,0,2
13,79,52,0,1
13,79,118,0,1
13,82,70,0,1
13,83,67,0,1
13,84,66,0,3
13,88,61,0,1
13,93,105,0,1
13,94,76,1,3
13,95,77,0,2
13,96,107,0,1
13,98,97,0,1
13,99,112,0,1
13,101,95,0,1
13,105,78,0,2
13,106,76,0,1
13,107,41,0,1
13,107,57,0,4
13,107,58,0,1
13,108,74,0,1
13,108,104,0,1
13,109,72,1,4
13,109,73,0,1
13,109,103,0,1
13,109,118,0,1
13,110,68,0,1
13,110,74,0,1
13,110,78,0,1
13,110,82,0,1
13,110,106,0,1
13,111,79,0,1
13,111,107,0,2
13,112,81,0,2
13,112,88,0,1
13,113,76,0,1
13,113,82,0,1
13,114,81,0,1
13,115,68,0,1
13,115,76,1,2
13,115,80,0,3
13,116,37,1,0
13,116,72,1,0
13,116,81,0,1
13,116,93,0,2
13,117,68,0,1
13,118,68,0,1
13,118,75,0,1
13,118,78,0,4
13,118,80,0,4
13,118,106,0,1
13,119,78,1,6
13,119,79,1,5
13,119,98,0,1
13,119,99,0,1
13,119,104,0,1
13,120,74,0,1
13,120,78,0,3
13,120,86,0,1
13,120,106,1,0
13,121,73,0,1
13,121,77,0,2
13,121,78,0,3
13,121,79,0,1
13,121,93,0,1
13,122,47,0,1
13,122,65,0,1
13,122,78,1,6
13,122,80,0,2
13,122,113,0,1
13,123,58,0,1
13,123,76,0,1
13,123,77,0,1
13,123,81,0,1
13,123,87,0,1
13,124,59,0,1
13,124,70,1,0
13,124,74,0,2
13,124,77,0,1
13,124,80,0,1
13,124,81,0,2
13,124,94,0,1
13,125,63,0,1
13,125,78,0,3
13,125,79,0,1
13,125,81,0,1
13,125,89,1,0
13,126,56,0,1
13,126,58,0,1
13,126,60,0,1
13,126,61,0,1
13,126,70,0,1
13,126,80,0,1
13,126,86,0,1
13,126,87,0,1
13,126,112,0,2
13,127,58,0,2
13,128,60,0,1
13,128,62,0,1
13,128,73,0,1
13,128,75,0,1
13,128,79,0,2
13,129,57,0,1
13,129,60,0,1
13,129,68,0,2
13,129,69,1,1
13,129,70,0,1
13,129,76,0,3
13,130,68,0,6
13,130,76,0,1
13,130,77,0,1
13,131,53,0,1
13,131,67,1,10
13,131,71,0,2
13,131,72,1,10
13,131,73,3,15
13,131,75,0,2
13,131,76,2,6
13,132,69,0,1
13,132,71,0,1
13,132,73,0,10
13,132,74,0,8
13,132,76,0,3
13,133,53,0,1
13,133,65,0,1
13,133,70,0,1
13,133,77,0,2
13,133,78,0,4
13,133,83,0,1
13,134,55,0,1
13,134,58,0,1
13,134,64,0,3
13,134,68,0,1
13,134,69,1,1
13,134,70,0,3
13,134,71,0,3
13,134,72,1,2
13,134,85,0,1
13,134,87,0,2
13,135,69,0,1
13,135,71,0,1
13,135,72,0,1
13,135,75,0,2
13,135,76,0,3
13,135,77,2,0
13,135,83,0,1
13,135,84,0,1
13,136,64,0,1
13,136,67,0,1
13,136,68,0,2
13,136,69,0,2
13,136,70,0,7
13,136,72,0,2
13,136,74,0,4
13,136,79,0,1
13,136,91,1,1
13,137,61,0,5
13,137,62,0,2
13,137,63,0,3
13,137,65,0,3
13,137,66,0,3
13,137,67,0,1
13,137,70,0,2
13,137,71,0,4
13,137,72,0,2
13,137,73,0,1
13,137,75,0,1
13,138,56,0,1
13,138,60,0,8
13,138,61,0,2
13,138,62,0,3
13,138,67,0,6
13,138,69,1,2
13,138,70,0,1
13,138,71,0,2
13,138,72,1,15
13,138,78,0,1
13,138,79,4,206
13,139,56,0,1
13,139,63,0,1
13,139,64,0,1
13,139,69,0,1
13,139,71,0,2
13,139,75,0,3
13,139,80,0,1
13,140,53,0,1
13,140,56,0,1
13,140,57,0,1
13,140,58,1,0
13,140,61,0,1
13,140,66,0,2
13,140,68,0,1
13,140,69,0,1
13,140,70,12,6
13,140,71,0,1
13,140,78,0,3
13,141,60,0,1
13,141,61,0,1
13,141,62,0,1
13,141,68,0,1
13,141,69,1,1
13,141,70,0,12
13,141,72,0,1
13,141,78,0,1
13,141,79,0,1
13,141,82,0,1
13,142,60,0,1
13,142,61,0,1
13,142,62,0,1
13,142,63,0,2
13,142,67,0,1
13,142,69,0,2
13,142,74,0,1
13,142,79,0,1
13,142,81,0,1
13,142,85,5,0
13,142,95,0,1
13,143,62,0,1
13,143,63,0,1
13,143,70,0,1
13,143,75,0,2
13,143,76,0,1
13,143,78,0,1
13,143,79,0,20
13,143,80,0,2
13,143,81,0,1
13,143,90,0,1
13,143,92,0,1
13,144,67,0,1
13,144,79,0,3
13,145,64,1,1
13,145,66,0,1
13,145,71,0,1
13,145,76,0,1
13,145,84,0,1
13,145,90,0,1
13,146,64,0,1
13,146,67,0,6
13,146,78,0,1
13,146,83,0,2
13,146,84,0,1
13,146,86,0,1
13,147,79,0,2
13,147,80,0,1
13,148,75,0,2
13,148,86,0,2
13,148,87,1,3
13,149,74,0,2
13,149,75,0,1
13,149,77,0,3
13,149,78,0,1
13,149,87,0,1
13,149,88,0,1
13,150,78,1,17
13,150,79,0,5
13,150,80,0,1
13,150,85,0,5
13,150,91,0,1
13,150,92,0,1
13,151,65,0,2
13,151,78,0,2
13,151,82,0,1
13,151,91,0,1
13,152,70,0,5
13,152,75,0,1
13,152,76,0,1
13,152,80,0,3
13,152,88,0,2
13,153,55,0,1
13,153,66,0,1
13,153,74,0,2
13,154,38,1,0
13,154,53,0,1
13,154,72,0,1
13,154,75,0,1
13,154,89,1,3
13,154,90,0,1
13,155,71,0,4
13,156,61,0,1
13,156,71,0,1
13,156,76,1,0
13,157,73,0,1
13,157,83,0,1
13,157,84,0,1
13,157,92,0,1
13,159,54,0,1
13,159,73,0,2
13,160,83,0,1
13,161,75,0,1
13,165,107,0,1
13,168,90,0,1
13,177,55,0,1
13,177,122,0,1
13,178,94,0,1
13,178,96,0,1
13,180,64,0,1
13,187,62,0,1
13,187,101,0,1
13,188,95,0,1
13,189,71,0,1
13,192,60,0,1
13,202,100,0,1
13,208,105,0,1
14,70,75,0,1
14,74,119,0,1
14,78,76,0,3
14,83,93,0,1
14,83,113,0,1
14,84,66,0,1
14,84,97,0,1
14,94,76,1,0
14,95,83,0,1
14,97,79,0,1
14,98,97,0,1
14,99,112,0,1
14,100,45,0,1
14,101,95,0,1
14,101,113,0,1
14,102,77,0,1
14,103,40,0,1
14,103,103,0,1
14,104,78,0,2
14,105,78,0,1
14,107,57,2,8
14,108,104,0,2
14,109,76,0,1
14,109,103,0,1
14,112,77,0,1
14,113,76,0,1
14,113,78,0,1
14,113,84,0,1
14,113,100,0,1
14,114,76,1,1
14,114,79,0,3
14,114,81,0,1
14,114,101,0,1
14,114,102,0,1
14,115,78,0,2
14,116,37,1,0
14,116,72,1,0
14,116,81,0,1
14,116,84,0,1
14,116,88,0,1
14,117,77,0,1
14,117,78,0,1
14,117,79,1,0
14,117,80,0,1
14,117,87,0,1
14,118,66,0,1
14,118,78,0,2
14,118,79,0,1
14,118,80,0,2
14,118,100,0,1
14,119,70,0,1
14,119,77,0,1
14,119,78,0,7
14,119,79,0,3
14,119,85,0,1
14,120,78,1,3
14,120,79,0,1
14,120,86,0,1
14,120,99,0,2
14,121,77,0,5
14,121,78,0,3
14,121,79,0,3
14,122,47,0,1
14,122,66,0,1
14,122,78,0,2
14,122,80,0,1
14,122,104,1,0
14,123,47,0,1
14,123,59,0,1
14,123,69,1,0
14,124,57,0,1
14,124,74,0,4
14,124,80,0,1
14,125,73,0,1
14,125,78,1,0
14,125,81,0,1
14,125,90,0,1
14,126,58,0,1
14,126,68,0,1
14,128,73,0,3
14,128,77,0,2
14,128,79,0,4
14,128,81,0,1
14,129,60,0,1
14,129,69,1,5
14,129,76,0,4
14,129,79,0,1
14,129,88,0,1
14,129,91,0,3
14,130,54,0,1
14,130,68,0,2
14,130,72,0,1
14,130,76,0,3
14,131,67,1,5
14,131,72,0,12
14,131,73,4,18
14,131,75,0,1
14,131,76,2,10
14,132,57,0,1
14,132,70,0,1
14,132,73,1,13
14,132,74,1,5
14,132,76,0,5
14,132,77,0,1
14,132,79,0,1
14,132,81,0,1
14,132,94,1,0
14,133,68,0,8
14,133,70,1,0
14,133,71,0,2
14,133,77,0,3
14,133,83,0,2
14,133,85,0,3
14,133,103,0,1
14,134,61,0,1
14,134,62,3,0
14,134,64,0,2
14,134,66,0,1
14,134,70,1,2
14,134,71,1,6
14,134,73,0,2
14,134,77,0,1
14,134,87,1,3
14,134,95,0,4
14,135,61,0,1
14,135,66,0,1
14,135,68,0,1
14,135,69,0,1
14,135,70,0,1
14,135,72,0,2
14,135,73,0,2
14,135,74,0,5
14,135,75,0,2
14,135,76,1,2
14,135,85,0,1
14,135,98,0,1
14,136,67,0,1
14,136,68,0,3
14,136,70,0,2
14,136,74,0,5
14,136,79,0,3
14,136,84,0,1
14,136,89,0,1
14,136,120,0,1
14,137,61,0,7
14,137,63,0,1
14,137,65,0,1
14,137,66,1,2
14,137,67,0,1
14,137,70,0,8
14,137,71,1,1
14,137,78,0,1
14,137,79,0,1
14,138,60,0,6
14,138,62,0,3
14,138,66,0,1
14,138,67,0,7
14,138,69,0,5
14,138,70,1,0
14,138,71,0,2
14,138,72,1,6
14,138,74,0,1
14,138,75,0,1
14,138,79,8,207
14,139,56,0,1
14,139,62,0,2
14,139,63,0,1
14,139,67,0,2
14,139,68,1,0
14,139,69,0,4
14,139,70,0,1
14,139,71,0,1
14,139,72,0,2
14,139,75,0,2
14,140,53,0,1
14,140,56,0,1
14,140,57,0,1
14,140,61,0,1
14,140,65,0,1
14,140,67,0,2
14,140,69,0,1
14,140,70,0,5
14,140,71,0,1
14,140,74,0,1
14,140,78,0,3
14,140,84,0,3
14,141,58,0,1
14,141,60,0,3
14,141,61,0,1
14,141,62,0,1
14,141,67,1,2
14,141,69,0,1
14,141,70,0,10
14,141,128,4,0
14,142,60,0,1
14,142,62,0,3
14,142,64,0,2
14,142,69,0,2
14,142,73,0,1
14,142,85,4,0
14,143,48,0,1
14,143,79,1,17
14,143,80,0,1
14,143,81,1,2
14,143,82,0,2
14,143,90,0,1
14,144,70,0,2
14,144,79,0,2
14,144,81,0,1
14,144,85,0,1
14,144,88,0,1
14,144,90,0,1
14,145,34,0,1
14,145,57,0,1
14,145,79,0,1
14,145,80,0,1
14,145,85,0,3
14,146,67,0,1
14,146,69,0,1
14,146,75,0,1
14,146,79,0,1
14,146,80,0,1
14,146,82,0,1
14,146,86,0,3
14,147,61,0,1
14,147,69,0,1
14,147,71,0,3
14,147,78,0,1
14,147,79,0,1
14,147,80,0,1
14,147,85,0,1
14,147,94,0,2
14,148,75,1,5
14,148,79,0,1
14,148,86,0,2
14,148,87,1,3
14,148,92,0,1
14,148,93,0,1
14,148,94,0,3
14,149,69,5,0
14,149,71,0,1
14,149,74,0,1
14,149,76,0,1
14,149,77,0,5
14,149,86,0,1
14,149,89,0,1
14,150,67,0,2
14,150,78,0,22
14,150,79,0,3
14,150,80,0,1
14,150,85,0,3
14,150,86,0,1
14,150,88,0,1
14,150,91,0,1
14,150,100,0,1
14,151,75,0,1
14,151,77,0,2
14,152,70,0,3
14,152,74,1,3
14,152,76,0,4
14,152,78,0,1
14,152,80,0,1
14,153,74,0,3
14,153,75,0,3
14,153,78,0,1
14,153,89,0,1
14,154,71,0,1
14,154,74,0,3
14,155,56,0,1
14,155,71,0,8
14,155,81,0,1
14,156,61,0,1
14,156,75,0,1
14,156,78,0,1
14,156,90,1,0
14,157,74,0,1
14,157,112,0,2
14,158,72,0,1
14,158,112,0,1
14,159,87,0,2
14,160,77,0,1
14,161,56,0,1
14,161,66,0,1
14,162,47,0,1
14,162,84,0,1
14,163,66,0,1
14,164,86,1,1
14,164,106,0,1
14,167,71,3,3
14,168,90,0,2
14,170,70,1,0
14,170,71,0,1
14,173,77,0,1
14,174,62,0,1
14,178,94,0,1
14,186,94,0,1
14,187,66,0,1
14,187,101,0,1
14,188,95,0,1
14,193,98,0,1
14,200,97,0,1
15,71,120,0,1
15,72,121,0,1
15,84,66,0,1
15,85,56,0,1
15,86,64,2,2
15,87,66,0,2
15,94,76,0,1
15,95,83,0,1
15,97,82,0,1
15,97,83,0,1
15,98,71,0,1
15,98,97,0,1
15,99,99,0,1
15,99,112,0,2
15,100,45,0,1
15,101,73,0,1
15,101,95,0,3
15,102,64,0,3
15,103,101,0,1
15,105,79,0,1
15,107,43,1,0
15,107,57,1,5
15,109,72,0,2
15,109,73,0,1
15,109,82,0,1
15,110,74,0,1
15,111,43,0,1
15,112,76,0,2
15,112,77,1,0
15,112,82,0,1
15,112,88,0,1
15,113,100,0,1
15,114,66,0,1
15,114,74,1,0
15,114,76,0,1
15,114,102,0,1
15,115,68,0,1
15,115,79,0,1
15,115,80,0,1
15,116,37,1,0
15,116,72,1,0
15,116,79,0,2
15,116,89,0,1
15,117,79,0,1
15,117,80,0,1
15,118,66,0,1
15,118,68,0,1
15,118,77,0,1
15,118,78,0,1
15,118,79,0,1
15,118,80,0,4
15,118,90,0,1
15,118,100,0,1
15,119,66,0,1
15,119,78,1,1
15,119,79,0,9
15,119,96,0,1
15,119,98,0,1
15,120,66,0,1
15,120,77,0,1
15,120,78,1,1
15,120,79,0,1
15,121,72,0,1
15,121,77,0,3
15,121,78,0,4
15,121,79,0,5
15,122,78,0,4
15,122,79,0,2
15,122,80,0,2
15,122,113,0,1
15,123,69,1,0
15,123,80,0,1
15,123,87,0,1
15,124,59,0,1
15,124,70,0,1
15,124,74,0,2
15,124,106,0,1
15,125,52,0,1
15,125,73,0,3
15,125,78,0,1
15,125,79,0,1
15,125,81,0,1
15,125,83,0,1
15,125,90,0,2
15,126,56,0,1
15,126,58,0,1
15,126,60,0,1
15,126,70,0,1
15,126,85,0,1
15,127,58,0,2
15,127,89,0,1
15,128,66,1,1
15,128,72,0,1
15,128,73,0,7
15,128,77,0,2
15,128,79,0,1
15,128,82,0,1
15,129,69,0,1
15,129,76,0,7
15,129,91,0,1
15,130,55,0,1
15,130,68,0,7
15,130,76,1,5
15,130,77,0,1
15,130,79,0,1
15,130,85,0,1
15,131,64,0,2
15,131,67,0,8
15,131,71,0,1
15,131,72,0,6
15,131,73,7,25
15,131,75,0,1
15,131,76,1,5
15,131,78,0,1
15,132,58,0,1
15,132,73,2,15
15,132,74,0,6
15,132,76,0,2
15,132,81,0,1
15,133,53,0,1
15,133,66,0,1
15,133,73,0,1
15,133,77,0,4
15,133,79,0,1
15,133,83,0,1
15,133,103,0,2
15,134,58,0,1
15,134,64,1,4
15,134,69,0,2
15,134,71,0,2
15,134,72,0,3
15,134,73,0,1
15,134,85,0,1
15,134,87,0,1
15,134,95,0,3
15,135,66,0,1
15,135,67,0,1
15,135,68,0,2
15,135,72,0,1
15,135,74,0,1
15,135,75,0,1
15,135,76,1,5
15,135,84,0,2
15,136,50,0,1
15,136,67,0,1
15,136,68,0,2
15,136,69,0,2
15,136,70,3,7
15,136,74,0,2
15,136,81,0,2
15,136,84,0,2
15,136,89,0,1
15,137,61,0,2
15,137,65,0,3
15,137,66,0,5
15,137,68,0,3
15,137,69,0,1
15,137,70,0,2
15,137,71,1,2
15,137,78,1,2
15,137,84,0,1
15,137,85,1,1
15,137,90,1,0
15,137,127,2,0
15,138,56,0,1
15,138,57,0,1
15,138,60,0,1
15,138,61,0,2
15,138,64,0,1
15,138,66,0,2
15,138,67,1,4
15,138,68,0,1
15,138,69,0,1
15,138,70,0,3
15,138,71,0,1
15,138,72,0,10
15,138,79,10,213
15,139,50,0,1
15,139,62,0,2
15,139,67,0,1
15,139,69,0,1
15,139,70,1,0
15,139,74,0,1
15,139,80,0,2
15,139,81,0,1
15,139,83,0,1
15,140,63,0,1
15,140,67,1,1
15,140,68,0,2
15,140,69,2,3
15,140,70,0,6
15,140,71,0,1
15,140,74,0,1
15,140,78,0,2
15,140,80,0,1
15,140,82,0,1
15,140,91,0,1
15,140,92,2,5
15,141,60,0,1
15,141,62,0,2
15,141,67,1,2
15,141,68,0,1
15,141,69,1,2
15,141,70,2,14
15,141,75,0,1
15,142,60,0,2
15,142,61,2,3
15,142,62,0,1
15,142,66,0,1
15,142,73,0,4
15,142,81,0,1
15,142,85,5,0
15,142,86,1,1
15,143,48,0,1
15,143,60,0,1
15,143,64,0,1
15,143,73,1,0
15,143,79,1,15
15,143,80,0,2
15,144,60,0,1
15,144,67,0,1
15,144,71,0,2
15,144,73,0,1
15,144,79,0,1
15,144,81,0,1
15,144,82,0,2
15,144,83,0,2
15,145,71,0,1
15,145,84,0,2
15,145,85,0,1
15,145,91,0,1
15,146,65,1,0
15,146,78,0,2
15,146,80,0,1
15,146,82,1,0
15,146,86,0,1
15,146,88,0,1
15,147,75,0,1
15,147,76,0,2
15,147,79,0,3
15,147,83,0,1
15,147,85,0,1
15,147,88,0,1
15,147,94,0,5
15,148,75,0,3
15,148,87,1,2
15,148,94,0,1
15,148,95,0,1
15,149,74,0,1
15,149,76,0,5
15,149,77,0,13
15,149,78,0,1
15,149,79,0,2
15,149,80,0,2
15,150,74,0,1
15,150,78,2,28
15,150,79,0,2
15,150,85,0,2
15,151,24,0,1
15,151,68,0,1
15,151,75,0,2
15,151,77,0,2
15,151,80,0,1
15,151,86,0,2
15,151,95,0,1
15,152,70,1,2
15,152,72,0,2
15,152,74,0,1
15,152,75,0,1
15,152,76,0,5
15,152,80,0,1
15,152,88,0,1
15,153,73,0,1
15,153,74,1,2
15,153,75,0,1
15,153,93,0,1
15,154,38,1,0
15,154,74,0,2
15,154,75,0,1
15,154,90,0,1
15,155,71,0,11
15,155,81,1,1
15,155,106,0,1
15,156,73,0,1
15,156,75,0,2
15,156,80,0,1
15,157,74,0,2
15,157,84,0,1
15,158,63,0,1
15,159,60,0,1
15,159,73,0,1
15,159,95,0,1
15,160,79,0,1
15,161,11,0,1
15,161,77,0,1
15,162,47,0,1
15,163,93,0,1
15,164,59,1,1
15,164,68,0,1
15,168,71,1,1
15,170,48,0,1
15,170,75,1,1
15,170,95,0,1
15,172,113,0,1
15,173,73,0,2
15,174,85,0,1
15,174,120,2,0
15,174,121,1,0
15,176,58,0,1
15,178,106,0,1
15,180,106,0,1
15,181,50,0,2
15,185,60,0,1
15,185,83,0,2
15,187,100,0,1
15,188,98,0,1
15,190,64,0,2
15,190,98,0,1
15,190,99,0,1
15,193,58,0,1
15,200,95,0,1
15,204,110,0,1
15,221,102,0,2
16,65,116,0,1
16,72,121,0,1
16,75,109,0,3
16,78,69,0,1
16,78,76,1,0
16,82,103,0,1
16,84,67,0,1
16,85,56,0,1
16,86,64,0,1
16,89,114,4,4
16,90,114,0,1
16,93,107,0,1
16,94,76,0,1
16,97,83,0,1
16,98,97,0,1
16,99,112,0,1
16,102,111,0,1
16,103,103,1,1
16,104,81,0,1
16,105,74,0,1
16,105,78,0,1
16,107,57,1,10
16,107,58,0,1
16,108,57,0,1
16,108,72,0,4
16,108,92,0,1
16,108,104,0,1
16,109,46,0,1
16,109,73,0,3
16,109,75,0,1
16,109,82,0,1
16,109,103,0,1
16,109,118,0,1
16,110,65,0,1
16,110,101,0,1
16,112,77,0,1
16,112,82,0,1
16,112,88,0,4
16,113,80,0,1
16,113,81,0,1
16,113,86,0,2
16,113,100,0,1
16,113,113,1,0
16,114,76,0,4
16,114,81,0,1
16,114,83,0,1
16,115,33,0,1
16,115,68,0,1
16,115,77,0,1
16,115,80,0,1
16,116,37,1,0
16,116,72,1,0
16,117,52,0,1
16,117,80,0,2
16,117,81,0,1
16,118,68,0,2
16,118,78,1,2
16,118,79,0,1
16,118,80,0,4
16,118,83,1,0
16,119,77,0,3
16,119,78,1,10
16,119,79,0,4
16,119,86,0,1
16,119,90,0,1
16,119,98,0,1
16,120,55,0,1
16,120,67,0,1
16,120,74,0,1
16,120,78,0,1
16,121,56,0,1
16,121,70,0,1
16,121,77,0,1
16,121,78,0,1
16,121,79,1,3
16,121,87,0,1
16,122,66,0,1
16,122,69,0,1
16,122,78,0,4
16,122,80,0,5
16,122,94,0,1
16,123,72,1,0
16,123,85,0,1
16,123,87,0,1
16,124,81,0,2
16,125,77,0,1
16,125,99,0,1
16,126,56,0,1
16,126,57,0,1
16,126,58,0,3
16,126,68,0,1
16,126,83,0,1
16,126,112,0,2
16,127,55,0,1
16,127,58,0,1
16,127,84,0,1
16,128,56,0,1
16,128,73,0,3
16,128,77,0,2
16,128,85,0,1
16,128,111,0,1
16,129,69,0,3
16,129,70,0,2
16,129,76,0,2
16,129,79,0,1
16,129,80,1,0
16,130,57,0,1
16,130,68,1,3
16,130,72,0,3
16,130,76,2,2
16,130,94,0,1
16,130,119,0,2
16,131,67,0,10
16,131,72,0,5
16,131,73,3,21
16,131,75,0,1
16,131,76,1,11
16,131,77,0,1
16,131,78,0,1
16,132,71,0,1
16,132,73,0,19
16,132,74,1,7
16,132,76,0,1
16,132,77,0,1
16,132,79,0,1
16,132,81,0,2
16,133,53,0,2
16,133,54,0,1
16,133,77,0,2
16,133,78,0,1
16,133,85,0,1
16,134,46,0,1
16,134,64,0,1
16,134,70,0,1
16,134,71,0,5
16,134,72,0,2
16,134,75,0,1
16,134,77,0,1
16,134,80,0,1
16,134,87,0,1
16,134,95,0,3
16,135,64,0,1
16,135,66,0,1
16,135,68,0,1
16,135,69,0,1
16,135,71,0,1
16,135,72,0,1
16,135,74,0,6
16,135,75,0,2
16,135,76,0,9
16,135,83,0,1
16,135,100,0,1
16,136,50,0,2
16,136,57,0,1
16,136,65,0,1
16,136,68,0,1
16,136,69,0,1
16,136,70,1,6
16,136,74,0,1
16,136,79,0,1
16,136,81,0,2
16,136,89,0,2
16,137,61,0,1
16,137,65,0,6
16,137,66,3,4
16,137,68,0,1
16,137,71,1,2
16,137,72,1,3
16,137,75,0,2
16,137,78,0,1
16,137,79,0,2
16,137,105,0,1
16,137,127,1,0
16,138,56,0,1
16,138,60,0,12
16,138,61,0,3
16,138,62,0,5
16,138,65,0,1
16,138,66,0,1
16,138,67,0,10
16,138,68,0,1
16,138,69,0,3
16,138,70,0,3
16,138,71,0,2
16,138,72,0,16
16,138,79,7,230
16,138,115,0,1
16,139,50,0,1
16,139,53,0,2
16,139,61,0,1
16,139,67,0,1
16,139,70,1,1
16,139,75,0,1
16,139,77,0,1
16,140,57,0,1
16,140,62,1,0
16,140,67,0,1
16,140,68,0,3
16,140,69,0,1
16,140,70,0,8
16,140,78,0,4
16,140,82,0,1
16,140,84,0,1
16,140,92,0,7
16,141,61,1,0
16,141,62,0,2
16,141,64,0,1
16,141,67,0,3
16,141,69,1,3
16,141,70,4,23
16,141,78,0,3
16,141,82,0,2
16,142,63,0,2
16,142,64,0,2
16,142,67,0,1
16,142,68,0,1
16,142,69,0,1
16,142,73,0,3
16,142,82,0,2
16,142,85,7,0
16,143,66,0,1
16,143,75,0,1
16,143,79,1,14
16,143,80,0,2
16,143,81,0,1
16,144,65,0,1
16,144,71,0,1
16,144,73,0,1
16,144,78,0,2
16,144,79,0,1
16,144,80,0,1
16,144,81,0,1
16,144,82,0,1
16,144,86,0,2
16,144,90,0,1
16,144,94,0,3
16,144,132,0,1
16,145,64,1,1
16,145,82,0,1
16,145,85,0,2
16,146,38,1,1
16,146,64,0,1
16,146,65,2,0
16,146,67,0,1
16,146,78,0,3
16,146,80,0,1
16,146,82,0,1
16,146,86,0,1
16,147,61,0,1
16,147,66,1,0
16,147,71,0,2
16,147,74,1,0
16,147,75,0,1
16,147,80,0,2
16,147,83,0,1
16,147,93,0,1
16,147,94,0,2
16,148,59,3,0
16,148,74,0,1
16,148,75,0,3
16,148,79,0,1
16,148,82,1,2
16,148,86,0,1
16,148,87,1,3
16,148,94,0,1
16,148,101,0,1
16,149,77,0,4
16,149,79,0,3
16,150,72,2,0
16,150,78,0,11
16,150,79,0,1
16,150,85,0,3
16,150,113,0,1
16,151,56,0,1
16,151,65,0,2
16,151,78,0,2
16,151,79,0,1
16,151,84,0,1
16,151,90,0,2
16,151,91,0,2
16,151,93,0,1
16,152,66,0,1
16,152,70,0,2
16,152,72,0,2
16,152,73,0,1
16,152,74,0,2
16,152,75,1,2
16,152,76,0,1
16,152,78,1,2
16,152,79,0,1
16,152,88,0,1
16,153,66,0,1
16,153,74,0,2
16,154,64,0,1
16,154,70,0,1
16,154,74,0,1
16,154,75,0,1
16,154,80,0,1
16,154,89,0,1
16,155,70,0,1
16,155,71,0,5
16,155,72,0,1
16,155,110,0,1
16,156,67,1,0
16,156,74,0,1
16,156,77,0,2
16,156,80,0,1
16,157,71,0,1
16,157,83,0,1
16,157,84,1,0
16,158,72,0,1
16,158,76,0,1
16,159,87,0,1
16,160,66,0,1
16,161,86,0,1
16,163,72,0,1
16,163,81,0,1
16,164,69,0,1
16,164,74,0,1
16,165,71,0,1
16,165,87,0,1
16,168,63,0,1
16,168,71,0,1
16,174,62,0,1
16,174,121,0,1
16,176,108,1,1
16,183,51,0,1
16,184,51,0,1
16,185,96,0,1
16,187,100,0,1
16,187,101,0,2
16,188,98,0,1
16,196,73,0,1
16,201,101,0,1
16,208,105,0,2
16,214,99,0,1
17,72,121,0,2
17,78,76,0,1
17,82,68,0,1
17,83,66,0,1
17,83,76,0,1
17,83,80,0,2
17,84,64,0,1
17,84,66,0,1
17,84,118,0,1
17,93,27,0,1
17,93,105,0,1
17,94,76,0,2
17,94,112,0,2
17,95,70,0,1
17,95,83,0,1
17,98,97,0,1
17,99,112,0,1
17,100,45,0,1
17,101,80,0,1
17,101,82,0,1
17,101,95,0,1
17,102,110,0,2
17,103,104,0,1
17,104,78,0,1
17,106,72,0,1
17,106,89,0,1
17,107,57,0,7
17,108,72,0,1
17,108,104,0,1
17,109,72,0,2
17,109,74,0,1
17,109,78,0,2
17,109,81,0,1
17,109,82,0,1
17,110,102,0,1
17,111,41,0,1
17,112,76,0,1
17,112,77,0,1
17,112,87,1,0
17,113,76,0,2
17,113,81,0,1
17,113,100,0,2
17,114,70,0,1
17,114,76,0,1
17,114,81,0,3
17,115,33,0,1
17,115,68,0,3
17,115,76,1,2
17,115,81,0,1
17,116,37,1,0
17,116,72,1,0
17,116,78,0,1
17,116,81,0,1
17,117,73,0,1
17,117,79,1,1
17,117,80,0,1
17,117,92,0,1
17,117,107,0,2
17,118,66,0,1
17,118,74,0,1
17,118,78,0,1
17,118,79,0,3
17,118,80,0,2
17,118,81,0,1
17,118,100,0,1
17,119,66,0,1
17,119,72,1,0
17,119,77,0,1
17,119,78,0,11
17,119,79,0,6
17,119,86,0,1
17,120,77,0,2
17,120,78,0,8
17,120,79,0,1
17,121,72,0,1
17,121,73,0,2
17,121,77,0,1
17,121,78,0,2
17,121,79,0,3
17,121,81,0,1
17,122,57,0,2
17,122,66,0,4
17,122,67,0,1
17,122,78,0,7
17,122,80,0,1
17,122,81,0,2
17,122,92,0,1
17,122,94,1,0
17,123,67,0,1
17,123,72,0,1
17,123,88,0,1
17,123,113,0,1
17,124,59,0,1
17,124,60,0,1
17,124,74,0,2
17,124,82,0,1
17,124,106,1,0
17,125,77,0,1
17,125,78,0,1
17,125,79,0,1
17,125,90,0,1
17,126,34,0,1
17,126,70,0,1
17,126,78,0,1
17,126,87,0,1
17,127,58,0,1
17,128,69,0,1
17,128,73,0,4
17,129,64,0,1
17,129,69,0,3
17,129,76,1,3
17,129,79,0,1
17,129,90,0,1
17,130,54,0,1
17,130,68,1,5
17,130,71,1,0
17,130,72,0,1
17,130,76,0,2
17,131,67,0,9
17,131,72,0,12
17,131,73,4,28
17,131,75,0,1
17,131,76,0,12
17,131,77,0,1
17,131,78,0,1
17,131,81,0,1
17,132,69,0,1
17,132,73,1,12
17,132,74,0,7
17,132,77,0,1
17,132,78,1,0
17,132,81,0,1
17,132,112,0,1
17,133,53,0,2
17,133,67,0,1
17,133,76,0,1
17,133,77,0,2
17,133,78,0,2
17,134,64,1,5
17,134,67,0,1
17,134,69,0,3
17,134,70,0,1
17,134,71,0,5
17,134,72,0,1
17,134,79,0,2
17,134,87,0,4
17,134,95,0,1
17,135,71,0,1
17,135,72,0,3
17,135,73,0,2
17,135,74,0,7
17,135,75,0,1
17,135,76,0,12
17,135,77,1,1
17,136,24,0,1
17,136,50,0,1
17,136,63,0,1
17,136,65,0,1
17,136,66,1,1
17,136,67,0,1
17,136,68,0,5
17,136,69,0,3
17,136,70,0,7
17,136,71,0,1
17,136,74,0,1
17,136,79,0,1
17,136,81,0,2
17,136,82,0,1
17,136,85,0,1
17,136,89,0,1
17,136,100,0,1
17,136,107,0,1
17,137,61,0,3
17,137,65,0,3
17,137,66,1,2
17,137,67,0,1
17,137,70,0,4
17,137,71,0,3
17,137,72,1,1
17,137,76,0,1
17,137,78,0,3
17,137,79,0,5
17,138,55,0,1
17,138,59,0,1
17,138,60,0,13
17,138,61,0,4
17,138,66,1,0
17,138,67,0,4
17,138,69,1,6
17,138,70,0,1
17,138,71,0,2
17,138,72,0,18
17,138,73,0,1
17,138,79,3,215
17,138,81,0,1
17,139,53,0,2
17,139,57,1,0
17,139,64,1,0
17,139,66,0,1
17,139,68,0,1
17,139,69,0,1
17,139,70,0,2
17,139,71,1,1
17,139,75,0,5
17,140,53,0,1
17,140,57,0,1
17,140,58,0,1
17,140,59,0,1
17,140,64,0,2
17,140,65,0,1
17,140,66,0,2
17,140,69,0,1
17,140,70,1,5
17,140,72,0,1
17,140,73,0,1
17,140,78,1,1
17,140,92,0,4
17,141,61,0,1
17,141,65,0,1
17,141,67,0,4
17,141,70,0,20
17,141,82,0,1
17,142,62,4,1
17,142,63,0,3
17,142,73,0,1
17,142,75,0,1
17,142,76,0,1
17,142,85,5,0
17,143,62,0,1
17,143,75,0,1
17,143,79,0,17
17,143,80,0,2
17,143,82,0,2
17,143,83,0,2
17,143,90,0,1
17,144,61,1,0
17,144,71,0,2
17,144,78,0,1
17,144,79,0,1
17,144,82,0,1
17,144,94,0,1
17,145,79,0,1
17,145,80,0,1
17,145,87,2,0
17,146,64,0,1
17,146,67,0,1
17,146,80,0,1
17,146,82,0,1
17,146,83,0,1
17,146,91,0,1
17,147,66,3,1
17,147,75,0,2
17,147,76,0,1
17,147,85,0,4
17,148,59,3,1
17,148,75,2,2
17,148,80,0,1
17,148,85,0,2
17,148,86,0,2
17,148,87,1,1
17,148,88,0,2
17,148,93,1,1
17,149,74,0,2
17,149,75,0,1
17,149,76,1,2
17,149,77,0,9
17,149,78,0,2
17,149,87,0,1
17,149,88,0,1
17,149,90,0,1
17,149,99,0,1
17,149,109,0,1
17,150,52,0,1
17,150,72,2,1
17,150,78,0,21
17,150,79,0,8
17,150,85,0,1
17,150,86,0,1
17,150,93,0,1
17,151,65,0,1
17,151,69,1,0
17,151,74,0,1
17,151,75,0,1
17,151,76,0,2
17,151,81,0,1
17,151,95,0,2
17,152,70,1,1
17,152,72,0,2
17,152,75,1,1
17,152,76,0,2
17,152,78,0,2
17,152,80,0,2
17,152,86,0,1
17,152,87,0,1
17,153,73,0,1
17,153,74,0,2
17,153,75,0,1
17,154,71,0,2
17,154,73,0,2
17,154,74,0,1
17,154,79,0,1
17,154,89,0,2
17,155,71,0,4
17,155,79,0,3
17,155,90,0,1
17,156,75,0,1
17,156,76,0,1
17,156,77,1,1
17,156,78,0,1
17,156,109,0,1
17,157,81,0,1
17,157,83,0,2
17,157,84,1,1
17,158,73,0,1
17,159,87,0,1
17,160,66,0,2
17,160,87,1,0
17,161,65,0,1
17,163,72,0,1
17,163,93,1,0
17,164,69,0,1
17,164,74,0,1
17,165,74,0,1
17,165,87,0,1
17,166,87,0,1
17,166,107,1,0
17,166,115,1,0
17,167,76,0,1
17,171,95,0,1
17,172,78,0,2
17,173,93,0,1
17,174,62,0,1
17,174,98,0,1
17,186,98,0,1
17,201,100,0,2
17,208,105,0,2
18,78,76,0,1
18,79,64,1,0
18,82,59,1,0
18,84,66,0,1
18,92,48,0,1
18,93,105,0,2
18,93,107,0,1
18,94,112,0,1
18,101,95,0,1
18,104,77,0,1
18,104,78,0,3
18,106,82,0,2
18,107,57,0,6
18,108,72,0,1
18,109,72,0,2
18,109,81,0,2
18,109,100,0,2
18,110,78,0,1
18,110,82,0,1
18,110,101,0,2
18,111,27,0,1
18,111,79,1,0
18,112,70,0,1
18,112,77,0,1
18,112,78,0,1
18,113,73,0,1
18,113,78,0,1
18,113,83,0,1
18,113,90,0,1
18,114,76,0,4
18,114,81,1,1
18,115,68,0,1
18,115,74,0,1
18,115,76,0,2
18,115,78,0,1
18,115,80,0,1
18,115,90,0,1
18,116,72,1,0
18,116,81,0,2
18,116,88,0,1
18,117,75,0,1
18,117,78,0,1
18,117,80,0,1
18,117,81,0,1
18,118,49,0,1
18,118,70,0,1
18,118,72,0,1
18,118,78,0,1
18,118,79,0,3
18,118,80,0,5
18,118,100,1,1
18,119,78,1,19
18,119,79,0,1
18,119,80,1,0
18,119,84,0,1
18,119,96,0,1
18,119,97,0,1
18,120,78,1,7
18,120,79,0,2
18,120,95,0,1
18,121,67,0,1
18,121,77,0,2
18,121,78,0,2
18,121,80,0,1
18,121,97,0,1
18,122,65,0,1
18,122,66,0,1
18,122,78,0,4
18,122,79,0,1
18,122,80,0,10
18,122,86,0,1
18,123,60,0,1
18,123,72,0,1
18,123,76,0,1
18,123,77,0,2
18,124,59,0,1
18,124,74,0,2
18,124,77,0,1
18,124,89,1,1
18,125,78,0,2
18,125,81,0,1
18,126,34,0,1
18,126,52,0,1
18,126,56,0,1
18,126,72,0,1
18,126,80,1,0
18,126,87,0,3
18,127,51,0,1
18,127,58,0,2
18,127,77,0,1
18,127,81,0,2
18,128,61,2,0
18,128,67,0,1
18,128,73,1,9
18,128,77,0,3
18,128,81,1,0
18,129,69,0,3
18,129,76,0,3
18,130,68,0,7
18,130,72,0,1
18,130,74,0,1
18,130,76,0,2
18,130,77,1,2
18,131,57,1,0
18,131,64,2,0
18,131,67,0,6
18,131,71,0,1
18,131,72,1,13
18,131,73,0,29
18,131,76,0,12
18,131,81,1,1
18,132,57,1,1
18,132,73,0,25
18,132,74,0,4
18,132,75,0,1
18,132,76,0,2
18,132,77,0,1
18,132,79,0,1
18,132,94,0,1
18,133,58,0,1
18,133,71,0,1
18,133,73,0,2
18,133,79,0,5
18,133,80,0,1
18,134,64,0,1
18,134,70,0,1
18,134,71,0,3
18,134,72,0,2
18,134,87,0,1
18,135,63,0,1
18,135,66,0,1
18,135,71,0,3
18,135,72,0,2
18,135,73,0,2
18,135,74,2,7
18,135,75,0,2
18,135,76,0,4
18,135,85,0,1
18,135,87,0,1
18,135,100,0,1
18,136,65,0,1
18,136,68,0,4
18,136,69,1,2
18,136,70,0,3
18,136,73,0,2
18,136,74,0,6
18,136,76,0,1
18,136,79,0,3
18,136,81,0,1
18,136,89,1,0
18,136,97,0,1
18,136,105,0,1
18,137,61,0,4
18,137,65,0,3
18,137,66,1,2
18,137,68,0,1
18,137,70,0,3
18,137,71,0,5
18,137,78,0,1
18,137,79,0,4
18,138,60,0,3
18,138,61,0,3
18,138,65,0,1
18,138,66,0,4
18,138,67,0,7
18,138,69,0,2
18,138,71,0,2
18,138,72,0,12
18,138,79,2,205
18,139,50,0,1
18,139,52,0,1
18,139,56,0,1
18,139,59,0,1
18,139,62,0,1
18,139,67,2,2
18,139,70,0,2
18,139,74,0,1
18,139,75,0,1
18,139,79,0,1
18,140,50,0,1
18,140,61,0,3
18,140,62,0,1
18,140,63,0,1
18,140,65,0,1
18,140,66,0,1
18,140,68,0,1
18,140,69,0,2
18,140,70,0,6
18,140,84,0,2
18,140,92,0,2
18,141,58,0,1
18,141,65,0,1
18,141,67,0,3
18,141,68,0,1
18,141,69,0,4
18,141,70,1,15
18,141,73,0,1
18,141,78,0,1
18,141,84,0,1
18,142,62,0,1
18,142,63,0,2
18,142,68,0,1
18,142,69,3,2
18,142,74,0,1
18,142,79,0,2
18,142,85,2,0
18,143,60,1,0
18,143,62,0,2
18,143,63,0,1
18,143,75,0,2
18,143,79,0,15
18,143,80,0,3
18,143,83,0,3
18,144,64,0,1
18,144,71,0,1
18,144,74,0,2
18,144,75,0,1
18,144,79,0,1
18,144,81,0,1
18,144,82,0,1
18,144,83,0,1
18,145,83,0,2
18,145,85,0,2
18,145,87,3,0
18,146,63,0,2
18,146,64,0,4
18,146,67,1,2
18,146,74,0,1
18,146,75,0,1
18,146,83,0,1
18,146,84,0,1
18,146,88,0,1
18,147,58,0,1
18,147,71,0,1
18,147,76,0,1
18,147,78,0,1
18,147,79,1,1
18,147,80,0,2
18,147,85,0,1
18,147,88,0,1
18,147,92,0,1
18,147,94,0,1
18,148,59,3,0
18,148,69,0,1
18,148,75,2,4
18,148,78,1,0
18,148,85,0,1
18,148,87,1,4
18,148,94,0,1
18,149,74,0,1
18,149,77,0,11
18,149,78,0,2
18,150,72,0,2
18,150,77,0,1
18,150,78,2,21
18,150,79,0,4
18,150,85,0,2
18,150,88,0,1
18,150,93,0,1
18,151,65,0,2
18,151,76,0,2
18,151,77,0,4
18,151,79,0,1
18,151,80,0,1
18,152,57,0,1
18,152,59,1,0
18,152,70,0,1
18,152,73,0,2
18,152,75,0,3
18,152,76,0,2
18,152,80,0,1
18,152,88,0,2
18,153,38,0,1
18,153,55,0,1
18,153,73,1,1
18,153,74,0,1
18,153,75,0,2
18,153,89,0,1
18,153,111,0,1
18,154,73,0,2
18,155,71,0,6
18,155,90,0,1
18,158,66,0,1
18,158,78,0,1
18,159,69,0,1
18,159,87,0,1
18,159,93,0,1
18,160,27,0,1
18,160,79,0,3
18,161,66,0,1
18,162,22,0,1
18,163,112,0,1
18,164,42,1,0
18,164,61,0,1
18,164,69,0,1
18,164,86,0,1
18,168,60,0,1
18,168,67,0,1
18,171,73,0,1
18,172,86,0,1
18,173,97,0,1
18,173,110,0,1
18,174,85,0,1
18,175,98,0,1
18,178,53,1,0
18,178,94,0,1
18,179,94,0,1
18,184,99,0,1
18,187,101,0,1
18,187,116,1,1
18,188,98,0,1
18,193,61,0,1
18,200,95,0,1
18,208,105,0,6
18,221,102,0,2
19,71,124,0,1
19,75,109,0,1
19,76,115,0,1
19,78,76,1,1
19,79,109,0,1
19,82,67,0,1
19,82,68,0,1
19,82,73,0,1
19,83,64,0,1
19,88,66,0,1
19,90,31,0,1
19,91,76,0,2
19,93,105,0,1
19,93,107,0,1
19,94,76,0,1
19,95,77,0,1
19,104,44,0,1
19,105,78,0,1
19,106,55,1,0
19,106,57,0,1
19,107,57,3,4
19,107,78,0,1
19,109,82,0,1
19,110,77,0,1
19,110,78,0,1
19,110,82,0,1
19,110,84,0,1
19,110,101,0,1
19,112,78,0,1
19,113,101,0,1
19,114,66,0,1
19,114,81,0,1
19,115,80,0,1
19,115,82,0,1
19,115,85,0,1
19,115,121,0,1
19,116,65,0,1
19,116,72,1,0
19,116,78,0,1
19,116,79,0,1
19,116,80,0,1
19,117,52,0,1
19,117,75,0,1
19,117,79,0,2
19,117,81,0,1
19,117,87,0,1
19,117,100,0,1
19,117,107,0,1
19,118,74,0,3
19,118,75,1,0
19,118,78,0,3
19,119,66,1,1
19,119,78,0,1
19,119,79,0,2
19,119,82,0,1
19,120,78,0,7
19,120,82,0,1
19,120,84,0,1
19,120,86,0,1
19,120,99,0,1
19,121,73,0,1
19,121,77,0,4
19,121,78,0,2
19,121,79,0,3
19,121,81,0,1
19,122,66,0,2
19,122,67,1,0
19,122,72,0,1
19,122,78,0,1
19,122,79,0,1
19,122,81,0,1
19,122,86,0,1
19,122,90,0,1
19,123,71,0,1
19,124,74,1,5
19,125,60,0,1
19,125,79,0,1
19,126,52,0,1
19,126,57,0,1
19,126,58,0,3
19,126,82,0,2
19,126,83,0,1
19,127,58,0,1
19,127,82,0,1
19,127,86,1,0
19,127,88,0,1
19,128,69,0,1
19,128,73,0,3
19,128,77,0,2
19,128,80,0,1
19,128,81,0,2
19,129,55,0,1
19,129,68,0,1
19,129,69,1,6
19,129,76,0,4
19,129,77,0,2
19,129,81,0,1
19,130,57,0,1
19,130,68,0,5
19,130,76,1,4
19,130,77,0,1
19,131,60,0,1
19,131,67,1,10
19,131,72,0,7
19,131,73,6,29
19,131,75,0,1
19,131,76,0,4
19,131,94,1,1
19,132,61,0,1
19,132,65,0,1
19,132,69,0,1
19,132,72,0,1
19,132,73,0,10
19,132,74,2,9
19,132,76,0,1
19,132,77,0,2
19,133,53,0,1
19,133,58,0,1
19,133,70,0,1
19,133,76,0,1
19,134,56,0,1
19,134,64,0,3
19,134,69,0,3
19,134,70,0,2
19,134,71,0,6
19,134,72,1,1
19,134,73,0,1
19,134,79,0,1
19,134,81,0,1
19,134,87,0,3
19,134,95,0,1
19,135,55,0,1
19,135,70,0,1
19,135,71,0,2
19,135,74,4,7
19,135,75,0,3
19,135,76,0,2
19,135,77,0,1
19,135,83,0,3
19,135,84,1,0
19,135,87,1,0
19,135,90,0,1
19,135,100,1,0
19,136,66,1,2
19,136,67,0,1
19,136,68,0,1
19,136,69,0,1
19,136,70,0,1
19,136,74,0,5
19,136,83,0,1
19,136,85,0,1
19,136,100,0,1
19,136,101,0,1
19,136,105,0,1
19,137,61,0,2
19,137,65,0,6
19,137,66,1,1
19,137,68,0,1
19,137,69,0,1
19,137,70,0,3
19,137,71,0,13
19,137,72,0,1
19,137,75,0,3
19,137,78,0,1
19,137,79,0,6
19,137,85,0,1
19,138,55,0,1
19,138,60,0,14
19,138,61,0,4
19,138,62,0,1
19,138,66,0,2
19,138,67,0,3
19,138,70,0,1
19,138,71,1,3
19,138,72,1,19
19,138,79,6,242
19,139,62,0,1
19,139,66,0,2
19,139,67,0,1
19,139,68,0,2
19,139,72,0,1
19,140,57,0,1
19,140,67,0,1
19,140,68,0,4
19,140,69,0,1
19,140,70,0,4
19,140,73,0,2
19,140,78,0,2
19,140,84,0,2
19,140,92,0,2
19,141,60,0,2
19,141,61,0,2
19,141,62,0,1
19,141,65,0,1
19,141,67,0,3
19,141,68,0,1
19,141,69,0,1
19,141,70,3,19
19,141,72,1,0
19,141,73,0,1
19,141,78,0,1
19,141,84,0,1
19,141,116,0,1
19,141,126,0,1
19,142,61,0,1
19,142,62,0,1
19,142,64,0,1
19,142,66,0,3
19,142,74,0,3
19,142,84,0,1
19,143,61,0,1
19,143,64,2,2
19,143,70,0,2
19,143,75,0,1
19,143,79,0,12
19,143,80,0,1
19,144,40,0,1
19,144,47,0,1
19,144,81,0,1
19,144,83,0,1
19,144,94,0,2
19,145,74,0,1
19,145,78,0,1
19,145,80,1,0
19,145,85,0,1
19,145,90,1,1
19,146,62,0,1
19,146,64,0,4
19,146,65,1,0
19,146,73,0,1
19,146,80,0,2
19,146,86,0,2
19,146,88,0,1
19,147,69,0,3
19,147,85,0,1
19,147,94,0,1
19,148,55,0,1
19,148,59,3,0
19,148,73,0,1
19,148,75,3,5
19,148,87,1,1
19,149,60,0,1
19,149,74,0,8
19,149,75,0,2
19,149,77,1,8
19,149,78,0,1
19,149,79,0,1
19,149,90,0,1
19,149,101,0,1
19,150,72,2,0
19,150,77,0,1
19,150,78,1,22
19,150,79,0,2
19,150,85,0,4
19,151,65,0,1
19,151,71,0,1
19,151,75,0,2
19,151,77,1,2
19,151,78,0,1
19,152,73,0,1
19,152,74,0,1
19,152,75,0,3
19,152,76,0,1
19,152,87,0,1
19,153,66,0,1
19,153,74,0,2
19,153,75,0,2
19,153,77,0,1
19,154,96,0,1
19,155,71,0,4
19,155,81,0,1
19,155,90,0,1
19,156,75,0,1
19,156,76,0,1
19,157,60,0,1
19,157,72,0,1
19,157,76,1,0
19,157,83,0,4
19,158,111,0,1
19,159,54,0,1
19,159,87,0,4
19,160,79,0,1
19,161,11,0,1
19,163,72,0,3
19,163,81,0,1
19,163,93,1,0
19,164,59,0,1
19,164,66,0,1
19,164,74,0,1
19,165,71,0,1
19,167,115,0,2
19,168,103,0,1
19,170,70,1,0
19,170,77,1,0
19,176,107,0,1
19,179,48,0,1
19,181,104,0,1
19,184,92,0,2
19,187,102,0,1
19,193,61,0,1
19,202,100,0,1
19,208,105,0,9
19,221,102,0,2
20,69,72,1,0
20,72,121,0,1
20,73,75,0,1
20,78,69,0,1
20,78,76,0,1
20,79,119,0,1
20,81,118,0,1
20,84,61,0,1
20,94,76,0,1
20,95,77,0,1
20,100,45,0,2
20,105,44,0,1
20,105,77,0,1
20,105,78,1,0
20,107,57,1,4
20,109,63,0,1
20,109,72,0,1
20,109,73,0,1
20,109,78,0,1
20,109,82,0,1
20,109,83,0,1
20,110,74,0,2
20,110,101,0,3
20,110,106,0,2
20,111,78,0,1
20,112,82,0,1
20,112,88,0,1
20,113,50,0,1
20,113,79,0,1
20,114,76,1,2
20,114,79,0,1
20,114,81,0,2
20,115,69,0,1
20,115,76,1,6
20,115,78,1,2
20,116,72,1,0
20,116,77,0,1
20,117,44,0,1
20,117,46,0,1
20,117,75,0,1
20,117,79,0,2
20,117,80,0,1
20,117,81,0,2
20,117,90,0,1
20,117,100,0,1
20,117,107,1,0
20,118,68,0,1
20,118,78,0,1
20,118,80,1,3
20,118,100,0,1
20,119,77,0,2
20,119,78,2,6
20,119,79,0,1
20,119,80,0,2
20,119,82,0,1
20,119,91,0,1
20,119,99,0,1
20,120,75,0,1
20,120,78,0,5
20,120,79,0,1
20,120,96,0,1
20,120,99,0,1
20,121,77,0,1
20,121,78,0,3
20,121,79,0,2
20,122,78,0,1
20,122,80,0,1
20,122,92,0,1
20,123,60,0,1
20,123,72,0,1
20,124,74,0,3
20,124,81,0,1
20,124,82,0,1
20,125,66,0,1
20,126,56,0,2
20,126,58,0,1
20,126,85,0,1
20,127,58,0,1
20,127,81,0,1
20,127,84,0,1
20,128,69,0,1
20,128,73,0,3
20,128,77,0,1
20,128,80,1,1
20,129,69,1,3
20,129,76,1,3
20,129,77,0,1
20,129,90,0,1
20,129,94,0,1
20,130,56,0,1
20,130,68,0,1
20,130,73,0,1
20,130,76,0,7
20,131,60,0,2
20,131,67,0,4
20,131,72,0,14
20,131,73,3,24
20,131,76,0,4
20,131,84,0,1
20,132,73,2,16
20,132,74,0,8
20,132,76,0,1
20,132,77,0,1
20,132,81,0,1
20,133,40,0,1
20,133,53,1,3
20,133,68,1,0
20,133,69,0,1
20,133,77,0,2
20,133,78,0,1
20,133,79,0,1
20,133,95,0,1
20,133,103,0,3
20,134,56,0,1
20,134,64,0,1
20,134,69,0,1
20,134,71,0,6
20,134,72,0,2
20,134,75,0,1
20,134,78,1,0
20,134,85,2,2
20,134,87,0,1
20,134,121,0,1
20,135,69,0,2
20,135,70,0,1
20,135,71,0,1
20,135,73,0,2
20,135,74,0,2
20,135,75,0,3
20,135,76,0,5
20,135,84,0,1
20,135,95,0,1
20,136,64,0,1
20,136,66,2,2
20,136,68,0,1
20,136,70,0,8
20,136,74,0,1
20,136,75,0,1
20,136,79,0,4
20,136,81,0,3
20,136,84,0,1
20,136,101,0,1
20,137,61,0,2
20,137,65,1,0
20,137,66,0,1
20,137,68,0,1
20,137,70,0,1
20,137,71,0,2
20,137,72,0,2
20,137,76,0,1
20,137,78,0,1
20,137,79,0,1
20,137,82,1,1
20,137,85,0,1
20,138,59,0,2
20,138,60,0,17
20,138,61,0,1
20,138,62,0,1
20,138,67,1,4
20,138,69,0,3
20,138,70,1,2
20,138,72,0,9
20,138,79,12,267
20,139,63,0,1
20,139,68,1,0
20,139,69,0,2
20,139,74,0,1
20,139,75,0,2
20,139,76,1,0
20,140,53,1,0
20,140,57,0,1
20,140,61,1,0
20,140,67,0,1
20,140,68,0,1
20,140,69,0,1
20,140,70,4,5
20,140,77,0,1
20,140,78,0,1
20,140,84,0,2
20,140,92,0,2
20,141,67,1,3
20,141,68,0,1
20,141,70,5,28
20,141,78,0,1
20,141,84,0,1
20,142,25,0,1
20,142,60,1,0
20,142,61,1,0
20,142,62,0,1
20,142,64,0,2
20,142,79,0,1
20,143,63,0,1
20,143,64,0,1
20,143,75,0,2
20,143,79,0,9
20,143,80,0,2
20,143,92,0,1
20,144,60,0,1
20,144,63,0,2
20,144,65,0,1
20,144,73,0,1
20,144,75,0,1
20,144,79,0,1
20,144,84,1,1
20,144,86,0,1
20,145,57,0,1
20,145,79,0,1
20,145,80,0,1
20,145,85,0,1
20,145,90,2,0
20,146,64,0,1
20,146,65,1,0
20,146,75,0,1
20,146,78,0,1
20,146,79,1,0
20,146,81,1,0
20,146,84,0,1
20,146,89,0,1
20,147,61,0,1
20,147,66,3,0
20,147,71,0,1
20,147,75,0,4
20,147,77,0,1
20,147,80,0,1
20,147,87,0,1
20,147,89,0,1
20,148,59,3,0
20,148,75,0,2
20,148,79,1,0
20,148,85,0,1
20,148,87,1,3
20,148,88,0,1
20,148,92,0,1
20,148,94,1,0
20,149,71,0,1
20,149,74,0,1
20,149,77,0,2
20,149,79,0,1
20,150,78,3,19
20,150,79,0,3
20,151,71,0,1
20,151,73,0,1
20,151,77,2,4
20,151,79,0,1
20,151,95,0,1
20,152,78,0,1
20,153,55,0,1
20,153,66,0,1
20,153,80,0,1
20,154,74,0,2
20,154,110,0,1
20,155,71,0,8
20,155,79,0,1
20,155,80,0,1
20,156,77,0,1
20,157,63,0,1
20,157,83,0,1
20,157,84,0,1
20,158,63,0,1
20,160,57,0,1
20,160,77,0,1
20,161,57,0,1
20,163,66,0,1
20,166,46,2,0
20,169,48,0,1
20,170,73,1,0
20,172,88,0,1
20,175,109,1,1
20,176,58,0,1
20,180,62,0,1
20,187,100,0,2
20,188,98,0,2
21,72,121,0,1
21,78,76,0,2
21,79,72,0,1
21,87,66,0,1
21,88,112,0,1
21,90,66,0,1
21,92,76,0,1
21,93,105,0,1
21,94,76,0,3
21,94,112,0,1
21,95,77,0,1
21,99,112,0,2
21,101,43,0,1
21,102,74,0,1
21,103,89,0,1
21,105,72,0,1
21,107,57,0,4
21,107,78,0,1
21,108,76,0,1
21,109,72,1,3
21,110,68,0,1
21,110,74,0,1
21,110,78,0,2
21,111,29,0,1
21,111,77,0,1
21,111,88,0,1
21,112,70,0,1
21,114,76,1,1
21,114,81,0,3
21,115,67,0,1
21,115,76,0,1
21,116,72,1,0
21,116,88,0,1
21,117,78,0,1
21,117,79,1,0
21,117,80,0,1
21,117,84,0,1
21,117,87,0,1
21,117,97,0,1
21,118,75,0,1
21,118,78,0,1
21,118,80,0,4
21,118,82,1,1
21,119,57,2,2
21,119,66,0,1
21,119,79,0,1
21,120,69,0,1
21,120,78,0,1
21,121,77,0,4
21,121,78,0,3
21,121,79,0,3
21,122,57,0,1
21,122,62,0,2
21,122,69,0,1
21,122,70,0,1
21,122,72,0,1
21,122,78,0,4
21,122,80,0,3
21,123,37,0,1
21,123,62,1,0
21,123,76,1,0
21,123,87,0,1
21,123,92,1,0
21,124,74,0,1
21,124,81,0,1
21,125,70,0,1
21,125,73,0,1
21,125,77,0,1
21,125,78,0,1
21,125,112,0,1
21,126,35,0,1
21,126,58,0,1
21,126,68,0,1
21,126,70,0,1
21,126,87,0,2
21,126,110,0,4
21,127,72,0,2
21,127,81,0,1
21,127,84,0,1
21,128,49,0,1
21,128,70,1,1
21,128,73,0,3
21,128,79,0,1
21,128,80,0,1
21,128,81,0,1
21,129,69,0,2
21,129,76,1,2
21,129,82,1,0
21,129,88,0,2
21,130,68,0,5
21,130,70,0,1
21,130,73,0,1
21,130,76,0,1
21,130,77,0,3
21,130,119,0,1
21,131,67,0,2
21,131,72,0,19
21,131,73,4,28
21,131,75,0,1
21,131,76,1,6
21,131,81,0,2
21,132,73,0,12
21,132,74,1,8
21,132,76,0,2
21,132,77,0,1
21,132,81,0,1
21,133,58,0,1
21,133,66,0,2
21,133,77,0,2
21,133,78,0,5
21,133,79,0,3
21,134,64,0,1
21,134,68,0,1
21,134,69,0,3
21,134,70,0,4
21,134,71,0,4
21,134,72,0,1
21,134,77,1,0
21,134,78,0,1
21,134,84,0,1
21,134,87,0,6
21,135,71,0,1
21,135,73,0,1
21,135,74,1,4
21,135,75,0,2
21,135,76,1,4
21,135,90,0,1
21,135,93,0,1
21,135,103,0,1
21,136,68,1,2
21,136,69,0,2
21,136,70,1,4
21,136,72,0,1
21,136,74,0,1
21,136,77,0,1
21,136,79,0,1
21,136,81,0,1
21,136,89,0,2
21,137,61,0,2
21,137,65,0,2
21,137,66,0,3
21,137,68,0,1
21,137,70,0,4
21,137,71,0,3
21,137,78,0,2
21,137,79,2,5
21,137,83,0,1
21,137,84,0,1
21,138,60,0,10
21,138,63,0,1
21,138,67,3,5
21,138,69,0,7
21,138,71,0,4
21,138,72,0,12
21,138,79,7,224
21,139,50,0,1
21,139,58,0,1
21,139,61,0,1
21,139,62,0,1
21,139,68,0,2
21,139,70,0,1
21,139,71,0,1
21,139,74,0,1
21,139,75,0,1
21,139,97,1,0
21,140,58,0,1
21,140,59,0,1
21,140,61,0,4
21,140,64,0,1
21,140,65,0,1
21,140,67,0,2
21,140,68,0,3
21,140,70,0,4
21,140,71,0,1
21,140,81,0,2
21,140,84,0,1
21,140,92,0,5
21,141,62,0,2
21,141,67,0,5
21,141,68,0,3
21,141,69,0,1
21,141,70,1,23
21,142,59,0,1
21,142,62,0,2
21,142,64,0,1
21,142,74,0,1
21,142,75,0,1
21,143,62,0,1
21,143,63,1,0
21,143,73,0,1
21,143,79,0,9
21,143,80,1,1
21,144,44,0,2
21,144,59,0,2
21,144,74,0,3
21,144,77,0,1
21,144,78,0,1
21,144,79,0,2
21,145,65,0,1
21,145,66,0,1
21,145,79,0,1
21,145,83,0,1
21,145,90,0,1
21,145,95,1,0
21,146,63,0,1
21,146,65,2,0
21,146,67,0,2
21,146,82,0,2
21,146,86,0,1
21,147,64,1,1
21,147,66,2,0
21,147,78,0,1
21,147,80,0,1
21,147,83,0,1
21,148,51,0,1
21,148,59,3,0
21,148,75,0,2
21,148,76,0,1
21,148,79,1,2
21,148,86,0,1
21,148,87,1,1
21,148,94,0,2
21,149,74,1,1
21,149,76,0,1
21,149,77,0,3
21,149,80,0,1
21,149,87,0,2
21,149,90,0,2
21,150,68,0,1
21,150,78,1,20
21,150,79,0,3
21,150,85,0,1
21,151,65,0,1
21,151,77,0,1
21,151,78,0,1
21,151,79,0,3
21,151,89,0,1
21,151,90,1,0
21,152,76,1,1
21,152,80,0,3
21,153,66,0,1
21,153,75,0,1
21,154,74,0,1
21,154,89,0,2
21,155,71,0,2
21,155,78,0,1
21,156,76,0,1
21,157,75,0,1
21,157,84,0,1
21,158,63,0,1
21,158,75,0,1
21,160,67,0,1
21,160,113,0,1
21,161,116,1,1
21,163,46,1,1
21,163,71,1,0
21,164,66,1,0
21,169,63,0,1
21,172,78,0,1
21,172,86,0,1
21,173,47,0,1
21,173,77,0,1
21,174,63,0,1
21,178,70,0,1
21,181,109,0,1
21,191,101,1,1
21,210,134,0,1
22,66,107,0,1
22,78,76,0,1
22,80,73,0,1
22,84,66,0,1
22,86,68,0,1
22,90,114,0,1
22,92,48,0,1
22,93,105,0,1
22,94,76,0,2
22,97,83,0,1
22,100,45,0,1
22,100,65,0,1
22,104,81,0,1
22,104,87,0,1
22,106,76,1,0
22,107,57,0,5
22,109,78,0,1
22,109,82,0,1
22,112,77,1,0
22,113,76,0,2
22,113,80,0,1
22,113,100,0,2
22,114,44,0,1
22,114,76,0,4
22,114,79,0,1
22,114,81,0,1
22,115,76,0,4
22,115,80,0,1
22,116,72,1,0
22,116,81,0,1
22,117,79,0,2
22,117,80,0,2
22,117,81,0,2
22,117,120,0,1
22,118,68,0,1
22,118,78,0,2
22,118,80,0,4
22,119,77,0,1
22,119,78,0,7
22,119,87,0,1
22,120,70,0,1
22,120,77,0,1
22,120,78,0,4
22,120,81,0,1
22,120,99,0,2
22,121,66,0,1
22,121,73,0,1
22,121,77,0,7
22,121,78,0,3
22,121,79,0,1
22,122,66,0,3
22,122,69,0,1
22,122,80,0,3
22,122,82,0,1
22,122,86,0,1
22,123,58,0,1
22,123,77,0,1
22,124,74,0,1
22,124,82,0,1
22,124,106,0,1
22,125,77,0,2
22,125,78,0,5
22,125,81,0,1
22,126,31,0,1
22,126,58,0,1
22,126,70,0,1
22,126,82,0,1
22,126,86,0,1
22,127,58,0,1
22,127,77,0,1
22,128,70,0,1
22,128,73,0,1
22,129,60,0,1
22,129,69,0,1
22,129,74,0,1
22,129,76,0,2
22,129,77,0,1
22,129,82,1,0
22,129,83,0,2
22,129,91,0,1
22,130,68,0,7
22,130,76,0,5
22,130,77,0,1
22,131,67,0,2
22,131,70,0,1
22,131,72,0,2
22,131,73,3,22
22,131,76,0,6
22,132,72,0,2
22,132,73,0,16
22,132,74,1,7
22,132,76,0,4
22,132,77,0,1
22,132,79,0,1
22,132,81,0,1
22,133,70,0,1
22,133,77,0,2
22,133,79,0,4
22,133,85,0,1
22,134,58,0,1
22,134,64,1,2
22,134,69,0,1
22,134,70,0,2
22,134,71,0,2
22,134,72,0,2
22,134,73,0,1
22,134,83,0,1
22,134,84,0,1
22,134,86,0,1
22,134,87,0,3
22,134,95,0,4
22,134,103,0,1
22,135,59,0,1
22,135,66,0,1
22,135,69,0,1
22,135,71,1,3
22,135,72,0,1
22,135,73,1,0
22,135,74,1,2
22,135,75,0,2
22,135,77,0,2
22,135,80,0,2
22,135,83,0,1
22,135,90,0,1
22,136,67,0,2
22,136,68,0,2
22,136,70,0,3
22,136,74,1,8
22,136,78,0,1
22,136,79,0,1
22,136,81,0,2
22,136,87,1,0
22,136,105,0,2
22,137,49,0,1
22,137,50,0,1
22,137,61,0,1
22,137,65,0,1
22,137,69,0,1
22,137,70,1,1
22,137,71,0,2
22,137,75,0,1
22,137,79,0,2
22,137,85,0,2
22,138,60,0,6
22,138,61,0,1
22,138,66,0,1
22,138,67,0,8
22,138,69,0,5
22,138,71,0,1
22,138,72,0,8
22,138,79,3,205
22,138,92,0,1
22,139,58,0,1
22,139,70,0,1
22,139,72,1,0
22,139,75,0,1
22,140,57,0,1
22,140,58,0,1
22,140,59,0,1
22,140,61,0,1
22,140,62,1,2
22,140,67,0,1
22,140,69,5,0
22,140,70,2,4
22,140,84,0,1
22,141,60,0,1
22,141,61,0,1
22,141,62,0,1
22,141,67,2,15
22,141,68,0,5
22,141,69,1,0
22,141,70,0,12
22,141,72,0,1
22,142,61,3,0
22,142,64,0,3
22,142,73,0,1
22,142,74,0,1
22,142,78,0,1
22,142,79,0,1
22,143,65,0,1
22,143,73,2,0
22,143,75,0,4
22,143,79,0,3
22,144,64,0,1
22,144,65,0,1
22,144,66,0,1
22,144,77,0,1
22,144,84,0,1
22,144,130,0,1
22,145,85,0,1
22,146,64,0,1
22,146,78,0,1
22,147,66,2,0
22,147,68,0,2
22,147,69,0,2
22,147,80,0,1
22,147,85,0,1
22,147,90,0,1
22,147,94,0,1
22,148,59,3,0
22,148,71,0,1
22,148,73,1,0
22,148,75,0,4
22,148,86,0,2
22,148,87,1,1
22,148,94,0,1
22,149,74,0,1
22,149,75,0,1
22,149,77,0,7
22,149,79,0,1
22,149,90,0,1
22,150,70,0,1
22,150,78,0,17
22,150,79,0,7
22,150,85,0,4
22,151,77,1,4
22,151,80,0,1
22,151,93,0,1
22,152,73,0,6
22,152,74,0,1
22,152,75,0,4
22,153,38,0,1
22,153,73,0,1
22,153,80,0,1
22,154,82,1,0
22,154,89,0,1
22,155,71,0,4
22,155,80,0,1
22,156,76,2,0
22,157,83,1,1
22,158,64,0,3
22,159,108,0,1
22,166,49,0,1
22,168,62,0,1
22,168,71,0,1
22,172,78,0,1
22,177,55,1,0
22,177,106,1,0
22,178,112,0,1
22,178,123,0,1
22,181,50,0,1
22,185,56,0,1
22,187,101,0,1
22,224,105,0,1
23,72,121,0,2
23,78,76,0,2
23,83,61,0,1
23,85,59,0,1
23,90,114,0,1
23,91,60,0,1
23,94,73,0,1
23,94,76,0,1
23,95,83,0,1
23,99,112,0,1
23,100,45,0,1
23,101,77,0,1
23,105,72,0,1
23,105,96,0,1
23,106,74,0,1
23,106,78,0,2
23,107,33,0,1
23,107,57,1,4
23,108,66,0,1
23,108,77,0,1
23,109,57,0,1
23,110,74,0,1
23,111,88,0,1
23,112,78,0,1
23,113,76,0,1
23,113,78,0,1
23,113,98,0,1
23,114,78,0,1
23,115,76,0,4
23,116,72,1,0
23,117,78,0,2
23,117,79,0,2
23,117,90,0,1
23,118,78,0,6
23,118,80,0,2
23,118,82,0,1
23,119,57,0,1
23,119,78,0,4
23,119,79,0,2
23,119,98,0,1
23,120,75,0,1
23,120,77,0,1
23,120,78,0,2
23,120,79,0,1
23,121,77,0,2
23,121,78,0,5
23,122,47,0,1
23,122,69,0,1
23,122,78,0,1
23,122,80,0,1
23,122,81,0,1
23,124,59,0,1
23,124,74,0,3
23,124,81,0,1
23,124,85,0,1
23,125,78,0,4
23,126,50,0,1
23,126,56,0,1
23,126,79,0,1
23,126,99,0,1
23,127,58,0,1
23,127,72,0,1
23,127,85,0,1
23,128,73,0,2
23,128,77,0,1
23,128,79,0,2
23,128,81,0,1
23,128,82,0,1
23,129,64,0,1
23,129,69,0,2
23,129,76,0,3
23,129,77,0,1
23,129,88,0,1
23,130,56,0,1
23,130,57,0,1
23,130,68,0,1
23,130,76,0,4
23,130,77,0,2
23,131,62,1,1
23,131,67,0,8
23,131,72,2,17
23,131,73,1,22
23,131,76,1,5
23,131,78,0,1
23,132,73,0,6
23,132,74,1,10
23,132,76,0,1
23,133,56,0,1
23,133,67,0,1
23,133,70,0,1
23,133,75,0,4
23,133,78,0,2
23,133,79,0,2
23,134,58,0,1
23,134,64,0,1
23,134,68,0,1
23,134,69,0,2
23,134,70,1,2
23,134,71,0,1
23,134,72,0,1
23,134,80,0,1
23,134,83,0,1
23,134,87,0,1
23,134,103,0,1
23,135,68,0,1
23,135,71,0,1
23,135,73,0,3
23,135,74,0,4
23,135,76,0,5
23,135,77,0,1
23,135,95,0,1
23,136,55,0,1
23,136,66,0,1
23,136,68,0,1
23,136,69,0,2
23,136,70,1,12
23,136,79,0,4
23,136,81,0,1
23,136,104,0,1
23,137,61,0,2
23,137,65,0,1
23,137,66,0,3
23,137,68,0,1
23,137,70,0,3
23,137,71,0,10
23,137,72,0,1
23,137,76,0,1
23,137,79,0,3
23,138,60,1,6
23,138,61,0,2
23,138,67,0,2
23,138,69,0,3
23,138,71,0,1
23,138,72,0,6
23,138,79,5,175
23,138,84,0,1
23,139,58,0,1
23,139,66,1,0
23,139,72,0,1
23,139,74,0,1
23,140,55,0,1
23,140,59,0,2
23,140,64,0,1
23,140,66,0,1
23,140,70,0,4
23,140,74,0,1
23,140,78,0,2
23,140,82,0,2
23,140,92,0,1
23,141,59,0,1
23,141,62,0,1
23,141,67,0,9
23,141,68,0,1
23,141,69,1,0
23,141,70,0,12
23,142,61,4,0
23,142,62,0,1
23,142,66,0,1
23,142,73,0,1
23,142,74,0,1
23,142,75,0,1
23,142,78,0,1
23,142,79,0,1
23,143,79,0,5
23,143,80,0,1
23,143,81,0,1
23,143,83,0,1
23,144,60,0,1
23,144,65,0,1
23,144,72,0,1
23,144,79,1,3
23,144,82,0,1
23,145,71,0,1
23,145,85,0,1
23,145,86,0,1
23,146,64,0,1
23,146,65,0,1
23,147,66,1,0
23,147,69,0,2
23,147,75,0,1
23,147,80,0,1
23,147,82,0,1
23,147,86,0,1
23,147,89,1,0
23,147,94,0,2
23,148,59,3,0
23,148,75,0,1
23,148,79,0,1
23,148,80,0,1
23,148,87,1,1
23,148,94,0,1
23,149,55,0,1
23,149,74,1,1
23,149,75,0,1
23,149,77,0,5
23,149,78,0,1
23,149,88,0,1
23,149,101,0,1
23,150,72,6,0
23,150,78,2,11
23,150,79,0,3
23,150,80,0,1
23,150,85,1,3
23,150,93,0,1
23,151,76,0,1
23,151,77,0,1
23,151,79,0,3
23,152,70,0,1
23,152,72,0,2
23,152,74,0,2
23,152,75,0,3
23,152,76,0,1
23,152,86,0,1
23,153,55,0,1
23,153,74,0,2
23,153,75,0,2
23,153,80,0,1
23,154,89,0,1
23,155,71,0,9
23,155,110,0,1
23,157,74,0,1
23,157,83,0,1
23,158,64,0,2
23,159,87,0,1
23,160,113,0,1
23,161,11,0,1
23,162,113,0,1
23,163,46,0,2
23,163,84,0,1
23,164,73,0,1
23,164,86,0,1
23,168,67,1,0
23,172,86,0,1
23,172,88,0,1
23,178,96,0,3
23,180,66,0,1
23,187,101,0,1
23,188,98,0,1