"hour","x","y","twitter","instagram"
0,69,59,0,1
0,79,72,0,1
0,85,113,0,1
0,94,76,0,1
0,103,82,0,1
0,104,80,0,2
0,104,81,0,4
0,104,104,1,0
0,105,78,0,1
0,105,79,0,1
0,105,80,0,1
0,107,57,0,1
0,107,84,0,1
0,109,72,0,2
0,110,78,0,1
0,111,82,0,1
0,112,70,0,1
0,112,82,0,1
0,113,76,0,3
0,113,81,0,1
0,114,76,0,2
0,115,80,0,1
0,116,72,1,0
0,116,81,1,2
0,116,88,0,1
0,117,81,0,1
0,117,82,0,1
0,118,80,1,8
0,119,66,0,1
0,119,79,0,4
0,119,87,0,1
0,120,78,0,5
0,121,77,0,3
0,121,78,0,3
0,121,80,0,4
0,121,88,0,2
0,122,47,0,2
0,122,65,0,1
0,122,78,0,1
0,123,35,0,1
0,123,62,0,1
0,123,68,0,1
0,124,74,0,1
0,124,96,3,0
0,126,52,0,1
0,126,60,0,1
0,128,73,0,1
0,129,55,0,1
0,129,68,0,2
0,129,85,0,1
0,129,88,0,1
0,130,73,0,2
0,130,76,0,1
0,131,72,0,2
0,131,73,0,27
0,131,75,0,1
0,131,76,0,1
0,131,77,0,1
0,131,80,0,2
0,131,81,0,9
0,132,73,0,8
0,132,74,1,4
0,132,81,0,3
0,133,66,0,1
0,133,70,1,0
0,133,75,0,2
0,133,78,0,1
0,133,79,0,1
0,133,103,0,1
0,134,64,0,4
0,134,67,1,0
0,134,68,0,2
0,134,71,0,2
0,134,72,0,3
0,134,87,0,1
0,134,95,1,0
0,135,69,0,1
0,135,72,0,1
0,135,73,0,6
0,135,74,0,9
0,135,75,0,1
0,135,76,0,3
0,135,100,0,1
0,136,68,0,5
0,136,70,1,10
0,136,71,0,2
0,136,72,0,1
0,136,73,0,3
0,136,74,0,5
0,136,75,0,1
0,136,79,0,1
0,137,65,0,1
0,137,66,0,1
0,137,68,0,1
0,137,71,0,1
0,137,72,0,3
0,137,75,0,1
0,138,66,0,1
0,138,67,0,4
0,138,69,0,2
0,138,72,1,3
0,138,79,3,128
0,139,50,0,1
0,139,65,0,1
0,139,68,0,3
0,139,69,0,1
0,139,72,0,2
0,140,57,0,1
0,140,67,0,1
0,140,69,0,1
0,140,70,0,2
0,140,74,1,1
0,141,67,0,3
0,141,70,1,11
0,141,78,0,1
0,141,88,0,1
0,142,67,0,1
0,142,69,0,1
0,142,79,0,1
0,142,82,0,1
0,143,67,0,2
0,143,79,0,7
0,143,80,0,1
0,144,71,1,0
0,144,74,0,4
0,144,79,0,4
0,144,80,0,2
0,144,90,0,1
0,145,65,0,2
0,145,66,0,2
0,145,83,0,2
0,146,65,1,0
0,146,67,0,1
0,146,75,0,3
0,146,78,0,1
0,146,83,0,1
0,146,84,0,2
0,146,85,0,1
0,147,75,0,1
0,147,78,0,1
0,147,80,0,1
0,147,94,0,1
0,148,59,1,0
0,148,75,0,1
0,148,85,0,1
0,148,86,0,1
0,148,87,1,0
0,148,93,0,1
0,149,74,0,1
0,149,77,0,2
0,149,78,0,1
0,149,87,0,6
0,150,72,1,0
0,150,78,0,3
0,150,85,0,1
0,151,65,0,2
0,151,69,0,1
0,151,72,0,2
0,151,75,0,1
0,151,77,0,3
0,152,71,0,1
0,152,75,1,6
0,152,76,1,10
0,152,80,0,1
0,153,73,0,1
0,153,80,0,7
0,154,38,2,0
0,155,68,0,1
0,155,71,0,6
0,156,76,0,1
0,157,83,0,2
0,159,73,0,1
0,164,56,1,1
0,164,69,0,1
0,172,66,0,1
0,175,109,0,1
0,179,47,0,1
0,184,46,0,1
0,186,94,0,1
1,82,59,0,1
1,83,93,0,1
1,94,76,0,2
1,99,65,0,1
1,100,45,0,1
1,102,43,0,1
1,104,80,0,1
1,108,37,0,1
1,113,77,0,1
1,113,81,0,1
1,116,72,1,0
1,116,81,0,1
1,117,80,1,0
1,118,68,0,1
1,118,80,1,10
1,119,78,0,1
1,120,78,0,3
1,121,66,0,1
1,121,79,0,1
1,121,80,0,3
1,121,88,0,1
1,122,80,0,1
1,125,77,0,1
1,125,78,0,2
1,126,56,0,2
1,126,79,0,1
1,127,58,0,1
1,128,73,0,1
1,129,83,0,1
1,129,88,0,1
1,130,68,0,1
1,130,73,0,3
1,131,72,0,1
1,131,73,2,17
1,131,76,0,1
1,131,80,0,1
1,131,81,0,2
1,132,73,0,4
1,132,74,0,1
1,132,76,0,1
1,133,75,0,1
1,133,79,0,1
1,134,67,0,1
1,134,70,1,2
1,134,71,0,1
1,134,72,0,2
1,134,80,0,1
1,134,87,0,1
1,135,71,0,1
1,135,73,0,1
1,135,74,0,1
1,135,75,0,1
1,135,77,0,1
1,135,83,0,1
1,136,68,0,3
1,136,70,1,8
1,136,71,0,3
1,136,73,0,2
1,136,74,1,3
1,136,75,0,1
1,136,79,0,1
1,137,65,0,1
1,137,66,2,2
1,137,70,0,2
1,137,71,0,2
1,137,72,0,2
1,137,78,0,2
1,137,84,0,1
1,138,60,0,1
1,138,66,0,1
1,138,69,0,4
1,138,71,0,1
1,138,72,1,5
1,138,79,6,68
1,139,63,0,1
1,140,69,0,1
1,140,70,0,2
1,141,61,0,1
1,141,67,0,6
1,141,68,0,1
1,141,70,0,8
1,142,74,0,1
1,143,49,0,1
1,143,59,0,1
1,143,73,0,1
1,143,75,1,1
1,143,79,1,7
1,143,80,0,1
1,144,71,0,1
1,144,74,0,5
1,145,65,0,1
1,145,83,0,1
1,145,84,0,1
1,145,85,0,2
1,146,78,0,1
1,146,81,0,1
1,146,83,1,0
1,147,77,0,1
1,147,80,0,1
1,147,85,0,1
1,148,76,0,1
1,148,79,0,1
1,148,86,0,2
1,148,87,1,0
1,148,94,0,1
1,149,74,0,1
1,149,77,0,2
1,150,72,1,0
1,150,75,0,1
1,150,77,0,1
1,150,78,5,3
1,150,85,0,1
1,150,88,0,2
1,150,113,0,1
1,151,65,0,1
1,151,75,0,3
1,151,76,0,1
1,151,78,0,1
1,152,75,1,7
1,152,76,0,1
1,153,80,0,3
1,154,38,3,0
1,155,56,0,1
1,155,71,0,3
1,155,73,0,1
1,156,75,0,1
1,157,83,0,1
1,161,96,0,1
1,164,69,0,1
1,164,86,0,1
1,166,72,0,1
1,166,87,1,1
1,179,123,0,1
2,84,56,0,1
2,94,76,0,1
2,104,80,0,1
2,105,80,1,0
2,109,78,0,1
2,112,76,0,1
2,114,76,0,2
2,115,80,0,1
2,116,72,1,0
2,117,80,1,1
2,118,80,0,3
2,118,81,0,1
2,119,79,0,4
2,119,82,1,0
2,121,80,0,1
2,121,88,0,2
2,122,77,0,1
2,124,96,3,0
2,127,58,0,1
2,128,69,0,1
2,129,76,0,1
2,131,72,0,2
2,131,73,1,4
2,131,76,0,1
2,131,80,0,1
2,131,81,0,3
2,132,73,0,5
2,133,79,0,1
2,134,68,0,1
2,134,71,0,1
2,134,72,0,2
2,134,77,0,1
2,135,100,0,1
2,136,67,0,1
2,136,68,0,1
2,136,70,0,2
2,136,71,0,2
2,136,74,0,1
2,136,79,1,1
2,137,67,0,1
2,137,68,0,1
2,137,71,0,1
2,138,66,0,1
2,138,67,0,2
2,138,69,0,1
2,138,72,0,3
2,138,79,2,45
2,139,66,1,0
2,139,69,0,1
2,141,67,0,1
2,141,70,0,1
2,141,72,0,1
2,143,64,0,1
2,143,70,0,2
2,143,79,1,3
2,143,82,0,1
2,145,83,0,1
2,147,87,0,1
2,148,59,3,0
2,148,86,0,2
2,148,87,1,0
2,149,80,0,1
2,150,78,0,1
2,150,85,0,1
2,151,77,0,2
2,153,72,0,1
2,153,75,1,0
2,154,38,3,0
2,155,71,0,1
2,157,84,0,1
3,83,65,0,1
3,107,57,0,1
3,110,74,0,1
3,110,101,0,1
3,113,78,0,2
3,116,72,1,0
3,116,81,0,2
3,117,75,0,1
3,118,80,0,2
3,120,66,0,1
3,120,78,0,2
3,121,79,0,1
3,121,80,0,1
3,121,88,0,2
3,122,80,1,1
3,123,82,0,1
3,128,72,0,1
3,130,73,0,1
3,130,76,0,2
3,131,67,0,1
3,131,72,0,3
3,131,73,1,11
3,132,73,0,2
3,132,76,0,1
3,133,77,0,3
3,134,64,0,1
3,134,68,1,2
3,134,71,0,2
3,134,87,0,2
3,135,74,0,1
3,135,75,0,1
3,135,76,0,1
3,135,78,0,1
3,136,68,0,1
3,136,70,0,1
3,136,71,0,1
3,136,74,0,3
3,136,75,0,1
3,136,89,0,1
3,137,66,1,1
3,138,72,0,3
3,138,79,0,34
3,139,70,0,1
3,139,74,0,1
3,139,91,0,1
3,141,70,0,3
3,142,69,0,1
3,143,75,0,1
3,143,79,0,1
3,145,83,0,1
3,146,64,0,1
3,148,59,2,0
3,148,87,1,0
3,150,78,0,1
3,150,88,0,1
3,151,76,0,1
3,152,76,0,3
3,152,78,0,1
3,153,80,0,1
3,154,38,3,0
3,170,70,1,0
4,107,57,0,2
4,112,81,0,1
4,114,81,1,1
4,116,72,1,0
4,116,79,0,1
4,118,80,0,1
4,122,78,0,1
4,126,87,0,1
4,127,51,0,1
4,128,87,0,1
4,130,77,0,1
4,131,72,0,1
4,131,73,0,2
4,132,73,0,1
4,134,73,0,1
4,135,73,0,1
4,136,68,0,1
4,136,72,0,1
4,137,66,1,0
4,137,72,0,1
4,138,69,1,1
4,138,71,0,2
4,138,79,0,26
4,140,62,0,1
4,140,70,0,1
4,141,67,0,1
4,141,70,0,1
4,143,75,0,1
4,147,75,0,1
4,148,87,1,0
4,154,38,3,0
4,155,71,0,1
4,161,79,2,0
4,196,69,1,1
5,70,70,0,1
5,82,68,0,1
5,107,57,0,3
5,116,72,2,0
5,118,80,0,1
5,119,78,0,1
5,121,67,0,1
5,121,79,0,1
5,122,80,0,2
5,129,69,0,1
5,130,68,0,1
5,131,72,0,2
5,131,73,0,3
5,131,81,0,1
5,132,58,0,1
5,132,72,0,1
5,132,73,0,2
5,132,74,0,1
5,136,68,0,1
5,136,70,0,1
5,136,74,0,1
5,136,75,0,2
5,137,71,0,1
5,137,72,1,0
5,138,72,0,2
5,138,79,0,27
5,139,71,0,1
5,140,58,0,1
5,140,67,0,1
5,141,70,0,1
5,142,78,0,1
5,143,64,0,1
5,143,73,1,0
5,144,60,0,1
5,148,87,1,0
5,149,77,0,1
5,150,78,0,3
5,151,80,0,1
5,153,80,0,1
5,154,38,3,0
5,155,72,0,1
5,161,73,1,0
5,164,59,0,2
6,104,81,0,1
6,106,78,0,1
6,107,57,0,3
6,108,57,0,1
6,109,72,0,1
6,116,68,1,0
6,116,72,1,0
6,117,84,0,1
6,117,90,0,1
6,120,78,0,2
6,120,79,0,1
6,121,77,0,1
6,122,80,0,1
6,126,52,0,1
6,126,82,0,1
6,128,72,0,1
6,130,73,0,1
6,131,73,2,5
6,131,80,0,1
6,132,73,0,1
6,132,74,0,2
6,132,77,0,1
6,133,77,0,1
6,133,85,0,1
6,135,68,0,1
6,135,76,0,1
6,135,90,0,1
6,136,72,0,1
6,136,73,0,1
6,137,65,0,1
6,137,66,0,2
6,137,70,0,1
6,137,71,0,1
6,137,83,0,1
6,138,71,0,1
6,138,72,0,1
6,138,79,0,30
6,140,66,0,2
6,140,70,7,3
6,140,74,0,1
6,142,69,0,1
6,143,80,0,1
6,144,82,0,1
6,145,87,0,1
6,146,84,0,1
6,148,76,0,1
6,148,87,1,0
6,150,78,0,3
6,150,88,0,1
6,151,78,0,1
6,151,79,0,1
6,152,66,0,1
6,152,75,0,2
6,154,38,1,0
6,154,73,0,2
6,155,71,0,2
6,155,90,0,1
6,194,100,0,1
7,103,81,0,1
7,104,80,0,1
7,107,57,0,3
7,108,72,0,1
7,109,78,0,1
7,109,103,0,1
7,114,76,0,1
7,114,93,1,0
7,116,37,1,0
7,116,72,3,0
7,117,79,0,1
7,118,80,0,1
7,118,97,0,1
7,119,78,0,1
7,120,76,0,1
7,122,77,0,1
7,122,78,0,1
7,122,80,0,1
7,122,104,0,1
7,124,74,0,1
7,125,73,0,1
7,125,81,1,0
7,126,56,0,1
7,129,68,0,1
7,129,69,1,2
7,130,73,0,4
7,130,76,0,1
7,130,77,0,1
7,131,72,0,4
7,131,73,4,7
7,131,76,0,1
7,131,80,0,1
7,131,81,0,4
7,132,53,0,1
7,132,73,0,2
7,132,74,0,1
7,134,72,1,0
7,134,75,0,1
7,135,69,0,1
7,135,76,0,1
7,136,61,0,1
7,136,68,0,4
7,136,70,0,1
7,136,72,0,1
7,136,74,0,1
7,136,76,0,1
7,136,81,0,1
7,137,50,1,0
7,137,65,0,2
7,137,70,0,1
7,137,72,0,1
7,137,85,0,1
7,138,49,0,1
7,138,59,0,1
7,138,68,0,1
7,138,69,0,1
7,138,72,0,1
7,138,79,2,51
7,139,49,0,2
7,139,67,0,1
7,139,70,0,1
7,140,68,0,1
7,140,69,1,0
7,140,70,0,2
7,140,82,0,1
7,141,60,0,1
7,141,67,0,2
7,141,70,0,1
7,141,76,0,1
7,141,78,0,1
7,142,61,1,0
7,142,74,0,1
7,142,81,1,0
7,142,85,2,0
7,143,62,0,1
7,143,79,0,2
7,144,85,0,1
7,145,88,0,1
7,146,75,1,1
7,146,78,0,1
7,146,82,0,1
7,147,75,0,1
7,147,87,0,2
7,148,62,0,1
7,148,87,1,0
7,149,78,0,1
7,149,79,0,1
7,150,78,0,1
7,151,65,0,2
7,151,70,0,1
7,151,76,0,1
7,151,80,0,2
7,152,66,0,1
7,152,76,0,6
7,152,80,0,5
7,153,80,0,2
7,154,38,1,0
7,154,81,0,1
7,155,71,0,1
7,159,64,0,1
7,160,84,0,1
7,176,55,1,0
7,180,73,0,1
7,192,99,0,1
8,72,121,0,1
8,83,93,1,1
8,84,117,0,1
8,94,111,0,1
8,103,80,0,2
8,103,81,0,1
8,104,80,0,1
8,105,79,0,1
8,107,57,1,2
8,107,58,0,1
8,110,79,0,1
8,110,106,0,1
8,112,77,0,1
8,112,83,0,1
8,113,74,0,1
8,113,76,0,1
8,113,86,0,1
8,114,76,0,2
8,115,81,1,0
8,116,37,1,0
8,116,70,0,1
8,116,72,2,0
8,116,73,0,1
8,116,81,0,2
8,116,99,0,1
8,117,75,0,1
8,117,79,0,2
8,117,80,0,1
8,118,80,0,2
8,118,87,0,1
8,118,92,0,2
8,119,78,0,2
8,119,79,0,2
8,119,87,0,1
8,120,66,0,1
8,120,79,0,3
8,121,78,0,1
8,121,79,0,1
8,121,80,0,4
8,122,80,0,2
8,124,58,1,1
8,124,70,0,1
8,125,60,0,1
8,125,67,0,1
8,125,78,0,2
8,125,79,0,1
8,125,81,0,1
8,125,89,3,0
8,127,68,1,1
8,128,77,0,1
8,128,79,0,1
8,129,68,0,1
8,129,69,0,2
8,129,76,0,1
8,129,80,1,0
8,130,57,0,2
8,130,73,0,2
8,131,67,0,2
8,131,72,0,8
8,131,73,7,10
8,131,75,0,1
8,131,76,0,2
8,131,80,0,2
8,131,81,0,7
8,132,69,0,1
8,132,73,0,4
8,132,74,0,2
8,132,76,0,2
8,133,66,0,1
8,133,80,0,1
8,134,71,0,2
8,134,72,1,0
8,134,74,0,1
8,134,81,0,2
8,134,87,0,2
8,135,67,0,1
8,135,73,0,2
8,135,74,0,1
8,135,75,0,1
8,135,76,0,3
8,135,77,0,2
8,136,63,0,1
8,136,68,1,2
8,136,70,0,5
8,136,72,0,8
8,136,73,0,5
8,136,74,0,1
8,136,77,0,1
8,136,79,0,1
8,137,58,0,1
8,137,63,0,1
8,137,64,1,1
8,137,66,0,1
8,137,68,0,1
8,137,69,0,1
8,137,70,0,2
8,137,78,0,1
8,138,60,0,1
8,138,66,0,2
8,138,67,0,4
8,138,68,0,1
8,138,69,0,1
8,138,72,0,1
8,138,79,7,113
8,139,62,0,1
8,139,68,0,1
8,139,69,0,1
8,139,71,3,0
8,139,74,0,1
8,140,61,0,1
8,140,65,0,1
8,140,67,1,0
8,140,68,0,1
8,140,69,1,0
8,140,70,0,6
8,140,78,0,1
8,140,84,0,1
8,140,92,0,1
8,141,62,0,1
8,141,67,1,5
8,141,68,0,1
8,141,70,0,8
8,142,64,0,1
8,142,69,1,1
8,142,85,3,0
8,143,58,0,1
8,143,64,1,0
8,143,78,0,2
8,143,79,1,8
8,143,80,0,3
8,144,59,1,0
8,144,65,0,1
8,144,79,0,2
8,144,83,0,1
8,144,85,0,1
8,145,74,0,1
8,145,88,1,1
8,146,67,1,1
8,146,82,0,1
8,146,86,0,1
8,147,87,0,1
8,147,93,0,1
8,148,75,0,2
8,148,82,0,1
8,148,87,1,0
8,149,77,0,1
8,149,79,0,2
8,150,72,1,0
8,150,78,0,5
8,150,79,0,1
8,150,95,0,2
8,151,65,0,2
8,151,71,0,1
8,151,75,0,1
8,151,78,0,1
8,151,79,0,1
8,152,75,0,2
8,152,80,0,1
8,152,85,0,1
8,152,86,0,1
8,153,74,0,1
8,153,76,0,1
8,153,80,0,3
8,154,72,0,1
8,154,73,0,5
8,154,103,0,1
8,155,71,0,2
8,155,72,0,1
8,156,75,0,2
8,157,75,1,0
8,157,77,2,0
8,157,83,1,1
8,158,70,0,1
8,158,77,0,1
8,160,80,0,1
8,161,71,0,1
8,163,72,0,1
8,164,73,0,1
8,174,63,0,1
8,189,102,0,1
9,69,98,1,0
9,74,98,1,0
9,82,72,0,1
9,84,65,0,1
9,88,78,0,1
9,90,30,0,1
9,93,117,1,1
9,94,76,0,1
9,98,97,0,1
9,101,66,0,1
9,103,80,0,1
9,103,81,1,2
9,103,82,0,1
9,104,78,0,1
9,104,79,0,2
9,104,80,0,4
9,104,81,0,4
9,105,44,0,1
9,106,82,0,2
9,107,57,0,5
9,108,72,0,1
9,108,105,0,1
9,109,72,0,1
9,110,62,0,1
9,110,78,0,2
9,111,77,0,1
9,112,76,0,1
9,112,83,0,1
9,113,76,0,4
9,114,81,0,2
9,115,80,0,1
9,115,81,0,1
9,116,37,1,0
9,116,72,1,0
9,116,81,0,3
9,117,75,0,1
9,117,77,0,1
9,117,78,0,1
9,117,114,0,1
9,118,74,1,0
9,118,79,0,2
9,118,80,0,4
9,118,81,0,1
9,119,75,0,1
9,119,77,0,1
9,119,78,0,1
9,119,79,0,2
9,119,81,0,1
9,119,87,0,1
9,119,99,0,1
9,120,78,0,7
9,121,78,1,2
9,121,79,0,1
9,121,80,0,2
9,121,81,0,1
9,121,112,1,0
9,122,47,0,1
9,122,68,0,1
9,122,69,0,1
9,122,79,0,2
9,122,80,1,5
9,122,81,0,1
9,122,82,0,1
9,122,84,0,1
9,123,62,0,1
9,123,80,1,1
9,124,56,0,1
9,124,70,0,1
9,124,79,0,1
9,125,88,0,1
9,126,58,0,1
9,126,77,1,0
9,127,58,0,1
9,128,60,0,1
9,128,73,0,2
9,129,68,0,1
9,129,69,2,1
9,129,76,0,1
9,129,88,0,1
9,129,90,0,1
9,129,114,0,1
9,130,68,0,2
9,130,73,0,1
9,130,76,1,2
9,130,83,0,1
9,131,60,0,1
9,131,72,0,3
9,131,73,3,21
9,131,76,0,5
9,131,80,0,1
9,131,81,0,14
9,132,70,0,1
9,132,73,1,7
9,132,74,0,1
9,132,76,0,1
9,132,78,1,0
9,133,68,0,1
9,133,78,0,1
9,133,84,0,1
9,134,64,0,4
9,134,70,0,1
9,134,71,1,2
9,134,73,0,2
9,135,55,0,1
9,135,61,1,0
9,135,63,1,1
9,135,66,0,3
9,135,73,0,5
9,135,74,0,5
9,135,75,0,2
9,135,76,0,1
9,135,79,0,2
9,135,81,0,2
9,135,90,0,1
9,135,92,0,1
9,136,67,0,2
9,136,68,1,7
9,136,70,0,2
9,136,71,0,1
9,136,72,1,6
9,136,73,0,5
9,136,74,0,4
9,136,75,0,1
9,136,79,0,1
9,136,89,0,1
9,137,63,0,1
9,137,65,0,1
9,137,66,0,1
9,137,67,0,2
9,137,68,0,1
9,137,70,0,1
9,137,72,0,4
9,138,60,0,1
9,138,65,0,1
9,138,66,0,2
9,138,67,0,2
9,138,69,0,1
9,138,70,0,1
9,138,71,0,1
9,138,72,0,1
9,138,79,7,110
9,138,99,0,1
9,139,58,0,1
9,139,62,0,1
9,139,63,0,1
9,139,69,0,2
9,139,71,2,0
9,139,72,0,2
9,139,75,0,1
9,139,91,0,1
9,140,58,0,1
9,140,59,0,1
9,140,62,1,1
9,140,65,0,2
9,140,66,0,2
9,140,67,0,1
9,140,68,0,1
9,140,69,0,1
9,140,70,1,4
9,140,71,0,1
9,140,74,1,0
9,140,78,0,1
9,141,62,0,3
9,141,68,0,3
9,141,70,1,12
9,141,71,0,1
9,141,83,1,0
9,142,64,0,1
9,142,69,0,1
9,142,71,1,0
9,142,73,0,1
9,142,74,0,1
9,142,85,4,0
9,142,86,0,1
9,143,62,0,1
9,143,67,0,1
9,143,79,1,7
9,143,80,1,1
9,143,81,0,2
9,143,83,0,1
9,143,88,0,2
9,144,60,0,1
9,144,73,0,1
9,144,75,0,1
9,145,69,0,1
9,145,79,0,1
9,145,83,0,1
9,145,85,0,2
9,146,62,0,2
9,146,63,0,1
9,146,67,0,1
9,146,80,0,1
9,146,86,0,1
9,147,75,0,1
9,148,87,1,0
9,148,94,1,2
9,149,52,0,1
9,149,75,2,0
9,149,78,0,1
9,149,79,0,1
9,149,80,0,1
9,149,92,0,1
9,150,72,2,0
9,150,77,0,1
9,150,78,0,2
9,150,79,0,1
9,150,93,0,1
9,150,95,0,1
9,151,91,0,1
9,152,73,0,1
9,152,74,0,1
9,152,76,0,1
9,152,78,0,1
9,152,80,0,1
9,152,84,0,1
9,153,55,0,1
9,153,66,0,2
9,153,80,0,8
9,154,38,2,0
9,154,74,0,3
9,155,71,0,3
9,155,76,0,1
9,155,84,0,1
9,156,74,0,1
9,157,92,0,1
9,158,53,0,1
9,158,54,0,1
9,158,72,0,1
9,161,71,0,1
9,164,60,0,1
9,168,75,0,1
9,169,98,0,1
9,170,70,1,0
9,171,98,1,0
9,173,64,0,1
9,173,77,1,0
9,176,92,1,0
9,180,73,0,1
9,180,105,1,0
9,183,118,1,0
9,184,59,0,1
9,193,59,0,1
9,208,105,0,1
9,210,130,1,0
10,80,68,0,1
10,83,79,0,1
10,84,117,0,1
10,86,70,0,1
10,87,66,0,1
10,94,76,0,1
10,99,112,0,1
10,100,45,0,1
10,103,81,1,5
10,103,82,1,0
10,104,44,0,1
10,104,80,0,7
10,104,81,1,4
10,104,91,0,1
10,105,79,1,6
10,107,57,0,1
10,107,58,0,1
10,108,72,0,1
10,112,76,0,1
10,113,76,0,1
10,113,100,0,1
10,113,101,0,1
10,114,76,1,4
10,114,81,0,1
10,115,76,0,1
10,115,80,0,3
10,116,37,1,0
10,116,72,1,0
10,116,80,0,1
10,116,81,0,1
10,116,89,0,1
10,117,80,0,1
10,117,94,0,1
10,118,77,0,1
10,118,78,0,1
10,118,80,1,11
10,118,87,0,1
10,119,77,0,1
10,119,78,0,1
10,119,79,0,1
10,120,68,0,1
10,120,78,1,3
10,120,86,0,1
10,121,78,0,1
10,121,79,0,1
10,121,80,0,3
10,121,87,0,1
10,121,106,0,1
10,122,78,0,1
10,122,80,0,2
10,122,83,0,1
10,123,58,0,1
10,123,77,0,1
10,124,70,0,1
10,124,74,0,2
10,124,81,0,1
10,125,90,3,0
10,126,58,0,1
10,126,80,0,1
10,127,58,0,1
10,128,60,0,2
10,128,76,0,1
10,128,77,0,1
10,128,79,0,1
10,129,61,0,1
10,129,68,0,1
10,129,69,0,3
10,129,80,0,1
10,129,91,0,1
10,129,111,1,0
10,131,67,0,1
10,131,72,0,7
10,131,73,4,36
10,131,75,1,2
10,131,76,0,1
10,131,80,0,2
10,131,81,1,22
10,131,82,0,1
10,132,55,0,1
10,132,65,0,1
10,132,67,0,1
10,132,69,0,1
10,132,70,0,2
10,132,73,1,7
10,132,74,0,4
10,132,76,0,3
10,132,80,0,1
10,133,58,0,1
10,133,76,0,1
10,133,81,0,1
10,133,85,0,1
10,134,58,0,1
10,134,64,0,5
10,134,69,0,1
10,134,71,0,1
10,134,72,1,2
10,134,83,1,0
10,134,87,0,1
10,134,95,0,1
10,135,49,0,1
10,135,57,0,1
10,135,59,0,1
10,135,63,0,1
10,135,66,0,6
10,135,72,0,2
10,135,73,0,2
10,135,74,0,2
10,135,75,1,1
10,135,76,0,7
10,135,77,0,1
10,135,85,0,1
10,136,39,0,1
10,136,67,0,1
10,136,68,0,10
10,136,70,1,6
10,136,71,0,1
10,136,72,1,5
10,136,73,0,2
10,136,74,0,1
10,136,77,0,1
10,136,79,0,2
10,136,87,0,1
10,136,89,0,1
10,137,63,0,1
10,137,66,1,3
10,137,69,0,1
10,137,71,0,1
10,137,75,0,1
10,138,59,0,1
10,138,60,0,2
10,138,62,0,1
10,138,66,0,3
10,138,67,0,7
10,138,71,0,1
10,138,72,0,7
10,138,79,7,164
10,139,57,0,1
10,139,62,1,0
10,139,63,0,1
10,139,67,0,1
10,139,68,0,1
10,139,70,0,1
10,139,71,3,0
10,139,75,0,1
10,140,53,0,1
10,140,61,0,1
10,140,63,0,1
10,140,66,0,4
10,140,70,1,2
10,140,71,0,1
10,140,80,0,1
10,141,58,0,1
10,141,60,0,2
10,141,62,0,5
10,141,67,0,7
10,141,70,0,6
10,141,72,0,1
10,141,74,1,0
10,141,78,0,1
10,142,51,0,1
10,142,64,0,2
10,142,66,0,2
10,142,82,0,1
10,142,85,3,0
10,143,70,0,1
10,143,75,1,5
10,143,77,0,1
10,143,79,0,13
10,143,80,0,1
10,143,83,1,1
10,144,64,0,1
10,144,66,0,1
10,144,71,0,2
10,144,75,0,2
10,144,79,0,2
10,144,80,0,1
10,145,78,0,1
10,145,79,0,1
10,145,81,1,0
10,145,85,0,1
10,146,64,0,1
10,146,67,0,1
10,146,82,0,1
10,146,85,0,1
10,147,66,1,0
10,147,71,0,1
10,147,73,0,1
10,147,75,0,1
10,147,87,1,1
10,147,94,0,1
10,148,75,0,3
10,148,79,0,2
10,148,87,1,1
10,148,94,0,1
10,149,71,0,1
10,149,74,0,2
10,149,78,0,1
10,149,88,0,1
10,149,90,0,1
10,150,78,0,2
10,150,79,0,2
10,150,91,0,1
10,151,71,0,2
10,151,77,0,2
10,151,78,0,1
10,151,79,0,1
10,151,91,0,1
10,152,72,0,1
10,152,74,0,2
10,152,75,1,2
10,152,76,0,1
10,152,78,0,4
10,152,80,0,3
10,152,86,0,1
10,153,74,0,3
10,153,80,0,20
10,154,38,3,0
10,154,74,0,1
10,155,71,0,4
10,155,79,0,1
10,156,75,0,1
10,156,76,0,1
10,157,74,0,1
10,157,75,0,1
10,157,83,0,1
10,161,71,0,1
10,161,75,0,1
10,164,20,0,1
10,164,56,0,1
10,165,85,0,1
10,166,87,1,0
10,170,48,0,1
10,170,95,0,1
10,173,97,0,1
10,178,70,0,1
10,187,101,1,0
11,72,121,0,1
11,75,109,0,1
11,82,59,0,1
11,83,79,0,1
11,84,67,0,1
11,85,56,0,1
11,85,81,0,2
11,94,76,0,1
11,95,83,0,1
11,99,112,0,3
11,103,80,0,1
11,103,81,1,4
11,104,80,0,11
11,104,81,0,2
11,105,79,0,6
11,106,73,1,0
11,106,82,0,1
11,107,57,2,7
11,107,58,0,2
11,107,74,0,1
11,108,72,0,1
11,109,72,0,1
11,109,82,0,1
11,110,75,0,1
11,111,81,0,1
11,111,82,0,1
11,112,76,0,1
11,112,78,0,1
11,112,82,0,2
11,112,83,0,1
11,113,86,0,1
11,114,75,1,1
11,114,81,0,1
11,114,93,0,1
11,115,75,0,1
11,115,80,0,1
11,116,37,1,0
11,116,70,1,0
11,116,72,1,0
11,116,75,0,1
11,116,76,0,1
11,116,80,0,3
11,116,93,0,1
11,117,75,0,2
11,117,77,0,1
11,117,79,0,1
11,117,81,0,3
11,117,82,0,1
11,118,63,0,2
11,118,75,0,1
11,118,76,0,1
11,118,78,0,1
11,118,79,0,2
11,118,80,1,8
11,119,79,0,3
11,119,98,0,1
11,120,74,1,1
11,120,78,1,7
11,120,99,0,1
11,121,80,0,1
11,121,87,0,1
11,121,88,0,1
11,122,59,0,1
11,122,80,0,6
11,122,94,1,1
11,123,59,0,3
11,123,76,1,3
11,123,77,0,1
11,124,60,0,1
11,124,70,0,1
11,124,74,0,2
11,124,77,0,1
11,125,50,1,0
11,125,57,0,1
11,125,60,0,1
11,125,70,0,1
11,125,73,0,1
11,125,74,0,1
11,125,79,0,1
11,125,84,0,1
11,126,58,0,1
11,126,60,1,0
11,126,80,0,1
11,127,43,0,1
11,127,58,0,1
11,128,73,0,1
11,128,80,0,1
11,129,60,0,1
11,129,68,0,1
11,129,69,0,1
11,129,76,0,2
11,129,83,0,1
11,129,90,0,1
11,130,58,1,0
11,130,68,0,1
11,130,73,0,2
11,130,77,0,1
11,131,60,0,1
11,131,67,0,1
11,131,72,0,3
11,131,73,9,54
11,131,76,0,1
11,131,80,0,2
11,131,81,0,34
11,132,69,0,1
11,132,72,1,0
11,132,73,1,23
11,132,74,1,7
11,132,76,0,5
11,133,53,0,1
11,133,76,0,1
11,133,80,0,1
11,133,81,1,0
11,133,85,0,1
11,133,103,0,1
11,134,67,0,2
11,134,68,0,1
11,134,71,1,0
11,134,72,1,2
11,134,74,0,1
11,134,79,0,1
11,134,86,0,1
11,135,63,1,1
11,135,66,2,3
11,135,69,1,2
11,135,71,0,1
11,135,72,0,1
11,135,73,0,4
11,135,74,0,4
11,135,75,3,2
11,135,76,0,2
11,136,62,0,1
11,136,67,1,1
11,136,68,1,6
11,136,70,0,8
11,136,72,1,6
11,136,73,0,8
11,136,74,0,2
11,136,75,0,1
11,136,81,0,1
11,137,65,0,6
11,137,66,0,1
11,137,67,0,1
11,137,68,0,1
11,137,69,0,1
11,137,70,0,1
11,137,72,0,1
11,137,73,1,1
11,137,75,0,1
11,137,84,0,1
11,138,62,0,1
11,138,66,0,3
11,138,67,0,5
11,138,68,0,8
11,138,69,0,2
11,138,70,0,1
11,138,71,0,2
11,138,72,0,3
11,138,79,8,150
11,139,57,0,1
11,139,62,0,1
11,139,66,0,1
11,139,67,0,2
11,139,68,1,1
11,139,69,0,1
11,139,70,0,1
11,139,71,5,0
11,140,58,0,2
11,140,61,0,1
11,140,62,1,1
11,140,65,0,1
11,140,66,0,2
11,140,67,0,3
11,140,68,0,1
11,140,69,0,2
11,140,70,0,4
11,140,74,1,2
11,141,50,0,1
11,141,57,0,1
11,141,60,0,1
11,141,61,0,1
11,141,62,0,6
11,141,67,0,12
11,141,70,0,7
11,141,71,0,1
11,141,73,0,1
11,141,74,1,0
11,141,78,0,1
11,141,79,1,1
11,142,63,0,1
11,142,65,0,1
11,142,69,0,2
11,142,71,0,2
11,142,74,0,1
11,142,85,2,0
11,143,68,0,1
11,143,75,0,1
11,143,79,1,7
11,143,80,0,2
11,143,83,0,1
11,144,60,0,1
11,144,71,0,1
11,144,72,0,1
11,144,79,0,1
11,144,82,0,1
11,145,75,0,2
11,145,79,0,1
11,145,81,1,0
11,145,84,0,1
11,145,85,0,2
11,145,89,0,2
11,146,64,0,1
11,146,65,1,0
11,146,67,0,1
11,146,82,0,1
11,146,83,0,1
11,147,61,0,1
11,147,64,0,1
11,147,75,0,1
11,147,79,0,1
11,148,55,0,1
11,148,59,0,1
11,148,75,0,3
11,148,87,1,0
11,148,94,0,1
11,149,74,0,1
11,149,78,0,1
11,149,79,0,1
11,149,80,0,1
11,149,89,0,2
11,149,92,0,1
11,150,77,0,1
11,150,78,0,6
11,150,79,1,1
11,150,93,0,1
11,151,76,0,1
11,151,78,1,1
11,151,79,0,1
11,151,84,0,1
11,152,78,1,9
11,152,80,1,12
11,152,83,0,1
11,153,54,0,1
11,153,80,0,18
11,153,89,0,1
11,154,38,3,0
11,154,72,0,1
11,155,71,0,4
11,155,76,0,1
11,155,110,0,1
11,156,75,1,1
11,158,63,0,1
11,158,72,0,1
11,159,52,0,1
11,161,71,0,1
11,163,93,0,1
11,164,66,0,1
11,164,76,0,1
11,171,98,0,1
11,173,97,0,1
11,182,77,0,1
11,187,101,1,1
11,193,59,0,1
12,72,121,0,1
12,84,65,0,1
12,84,77,0,1
12,87,117,0,1
12,94,76,0,1
12,99,112,0,1
12,101,80,0,1
12,103,81,0,1
12,103,82,0,2
12,104,80,0,5
12,104,81,0,5
12,105,79,0,8
12,106,82,0,1
12,107,57,3,1
12,107,58,0,2
12,107,76,0,2
12,108,79,1,0
12,108,105,0,1
12,109,72,0,1
12,109,100,0,1
12,111,81,0,1
12,112,69,0,1
12,112,76,0,1
12,113,76,0,2
12,113,79,0,1
12,113,81,0,2
12,113,101,0,1
12,114,75,0,1
12,114,81,0,1
12,114,96,0,2
12,114,111,0,1
12,115,69,0,1
12,115,77,0,1
12,116,37,1,0
12,116,72,1,0
12,116,78,0,1
12,116,79,0,1
12,116,81,0,1
12,117,68,0,1
12,117,80,0,1
12,117,82,0,1
12,117,90,0,1
12,117,93,0,1
12,117,100,0,1
12,118,72,0,1
12,118,74,0,1
12,118,79,0,4
12,118,80,0,9
12,118,87,0,1
12,118,100,0,1
12,119,68,0,1
12,119,78,0,3
12,119,87,0,1
12,120,78,0,5
12,120,81,0,1
12,120,88,0,1
12,120,96,0,1
12,121,77,0,1
12,121,78,0,1
12,121,80,0,1
12,121,93,0,1
12,122,80,0,1
12,122,82,0,1
12,123,59,0,2
12,123,76,0,4
12,123,79,0,1
12,124,56,0,1
12,124,66,1,0
12,124,74,0,1
12,124,77,0,2
12,125,74,1,1
12,125,83,0,1
12,125,106,0,1
12,126,81,0,1
12,126,82,0,1
12,126,86,1,1
12,126,87,0,1
12,127,57,0,1
12,127,67,1,0
12,127,71,1,0
12,127,81,0,2
12,127,82,1,0
12,128,60,0,1
12,128,73,0,6
12,128,80,0,1
12,129,68,0,3
12,129,69,0,3
12,129,76,0,1
12,130,57,0,1
12,130,58,0,1
12,130,68,0,4
12,130,73,0,3
12,130,76,0,2
12,130,94,0,2
12,131,67,1,4
12,131,72,2,7
12,131,73,6,50
12,131,76,0,7
12,131,77,0,1
12,131,78,4,0
12,131,80,0,6
12,131,81,1,48
12,131,84,0,1
12,131,94,0,2
12,132,54,0,1
12,132,55,0,1
12,132,66,1,1
12,132,70,0,1
12,132,72,0,1
12,132,73,0,19
12,132,74,1,8
12,132,76,0,2
12,132,81,0,1
12,133,68,0,1
12,133,71,0,1
12,133,80,0,1
12,133,83,0,1
12,134,64,0,1
12,134,67,1,0
12,134,68,0,1
12,134,69,1,1
12,134,71,0,1
12,134,76,0,1
12,134,84,0,1
12,134,87,0,1
12,134,95,0,1
12,135,66,0,2
12,135,68,0,1
12,135,69,0,1
12,135,71,0,3
12,135,72,0,1
12,135,73,0,5
12,135,74,0,2
12,135,75,0,1
12,135,76,0,7
12,135,77,0,2
12,136,67,0,1
12,136,68,0,21
12,136,69,0,1
12,136,70,0,9
12,136,72,5,22
12,136,73,0,8
12,136,74,0,2
12,136,79,0,2
12,136,80,0,1
12,136,81,0,1
12,136,87,0,1
12,137,45,0,1
12,137,65,1,6
12,137,66,1,3
12,137,67,0,2
12,137,68,0,3
12,137,69,0,1
12,137,70,0,1
12,137,71,0,1
12,137,72,0,8
12,137,78,0,1
12,138,55,0,1
12,138,59,0,1
12,138,62,0,1
12,138,63,0,1
12,138,66,0,2
12,138,67,1,12
12,138,70,0,1
12,138,71,0,1
12,138,72,0,6
12,138,73,0,1
12,138,74,2,0
12,138,79,5,150
12,139,62,0,1
12,139,67,0,1
12,139,68,1,2
12,139,69,0,2
12,139,71,3,0
12,139,72,0,1
12,139,75,0,1
12,140,57,0,1
12,140,61,1,0
12,140,62,1,3
12,140,67,0,3
12,140,70,1,4
12,140,78,0,2
12,140,92,0,1
12,141,60,0,1
12,141,62,1,5
12,141,67,1,10
12,141,68,0,1
12,141,69,1,1
12,141,70,0,11
12,141,71,1,0
12,141,78,0,2
12,142,63,0,1
12,142,64,0,1
12,142,85,2,0
12,143,47,1,0
12,143,62,0,1
12,143,67,0,1
12,143,75,1,1
12,143,79,0,9
12,143,80,0,2
12,143,82,0,1
12,143,84,0,1
12,144,67,0,1
12,144,79,0,1
12,144,83,0,1
12,144,90,0,1
12,145,75,3,3
12,145,78,0,1
12,145,83,0,2
12,145,85,0,1
12,145,87,0,1
12,146,38,1,1
12,146,63,0,1
12,146,64,0,1
12,146,65,0,2
12,146,67,0,1
12,146,75,0,3
12,146,80,0,1
12,146,82,0,1
12,146,85,1,1
12,147,66,1,0
12,147,75,0,2
12,147,76,0,3
12,147,87,0,2
12,148,50,2,0
12,148,59,0,1
12,148,75,0,4
12,148,83,0,1
12,148,86,0,1
12,148,87,1,2
12,148,94,0,2
12,149,74,0,4
12,149,75,0,1
12,149,78,1,2
12,149,79,0,1
12,149,90,0,2
12,150,71,0,1
12,150,78,0,6
12,150,79,0,1
12,150,80,0,1
12,150,85,0,1
12,151,72,0,1
12,151,77,0,1
12,152,65,0,1
12,152,66,0,1
12,152,70,0,1
12,152,75,0,2
12,152,76,0,2
12,152,78,0,5
12,152,80,3,7
12,153,80,1,29
12,154,38,3,0
12,154,73,0,1
12,155,71,1,4
12,155,72,0,2
12,155,79,0,1
12,156,74,0,2
12,156,75,0,1
12,156,76,0,1
12,156,77,0,1
12,156,79,0,1
12,157,75,0,1
12,159,87,0,1
12,161,66,0,1
12,161,71,0,1
12,163,93,0,1
12,164,86,0,1
12,172,81,0,1
12,173,97,1,1
13,68,98,1,0
13,84,66,0,1
13,90,30,0,1
13,91,48,0,1
13,94,79,0,1
13,95,74,0,1
13,97,83,0,1
13,99,112,0,1
13,101,95,0,2
13,102,95,0,1
13,103,81,0,1
13,104,17,0,1
13,104,80,0,7
13,104,81,0,5
13,105,66,0,1
13,105,79,0,3
13,106,67,0,1
13,106,82,0,1
13,107,57,4,5
13,107,58,0,2
13,108,100,0,2
13,108,105,0,1
13,109,78,0,1
13,109,102,1,0
13,110,78,0,1
13,110,82,0,1
13,111,81,0,1
13,112,79,0,2
13,112,83,0,1
13,113,76,0,1
13,113,78,0,1
13,113,83,0,1
13,114,76,1,1
13,114,78,1,0
13,114,81,0,1
13,115,69,1,1
13,115,78,0,1
13,115,80,0,1
13,116,37,1,0
13,116,72,1,0
13,116,75,0,1
13,116,79,0,1
13,117,68,0,1
13,117,78,0,1
13,117,79,0,1
13,117,108,0,1
13,118,75,0,2
13,118,79,0,4
13,118,80,1,16
13,119,76,0,1
13,119,77,0,1
13,119,78,1,5
13,119,79,0,1
13,119,97,0,1
13,120,78,0,8
13,120,81,0,1
13,120,96,0,1
13,121,69,0,2
13,121,77,0,4
13,121,78,1,2
13,121,79,0,2
13,121,80,0,1
13,121,93,0,2
13,122,77,0,1
13,122,80,0,9
13,123,59,0,1
13,123,76,0,4
13,123,77,0,1
13,123,88,0,1
13,124,74,0,1
13,124,77,0,1
13,124,80,0,1
13,124,81,0,1
13,125,59,0,1
13,125,77,0,1
13,125,81,0,1
13,125,85,0,1
13,126,68,0,1
13,126,110,0,1
13,127,111,0,1
13,128,60,0,1
13,128,73,0,2
13,128,78,0,1
13,128,79,2,2
13,128,80,0,1
13,128,85,0,1
13,128,87,0,1
13,129,68,0,4
13,129,69,0,5
13,129,76,0,6
13,129,85,0,1
13,130,68,0,1
13,130,73,0,5
13,131,67,0,1
13,131,72,1,4
13,131,73,5,45
13,131,75,0,5
13,131,76,0,3
13,131,77,0,1
13,131,80,0,5
13,131,81,1,33
13,131,84,0,1
13,131,117,0,1
13,132,65,0,1
13,132,72,0,1
13,132,73,0,11
13,132,74,0,7
13,132,81,1,1
13,133,58,0,1
13,133,66,0,1
13,133,68,0,1
13,133,80,0,2
13,133,85,0,1
13,134,64,0,4
13,134,66,0,1
13,134,67,0,2
13,134,68,2,3
13,134,69,0,3
13,134,71,0,2
13,134,72,0,4
13,134,75,0,1
13,134,76,0,2
13,134,80,0,1
13,134,87,0,1
13,135,63,2,0
13,135,66,0,4
13,135,71,0,1
13,135,72,0,1
13,135,73,0,4
13,135,74,0,2
13,135,75,0,2
13,135,76,0,11
13,135,81,0,1
13,135,84,1,1
13,136,64,0,1
13,136,68,2,19
13,136,69,0,2
13,136,70,1,5
13,136,71,0,1
13,136,72,1,44
13,136,73,0,9
13,136,74,0,1
13,136,76,1,1
13,136,79,0,2
13,137,65,0,2
13,137,68,0,1
13,137,69,0,2
13,137,70,0,1
13,137,72,1,10
13,137,78,0,1
13,137,84,0,1
13,138,60,0,1
13,138,61,0,1
13,138,62,0,1
13,138,66,0,3
13,138,67,0,11
13,138,68,1,0
13,138,69,2,2
13,138,72,0,3
13,138,79,6,149
13,139,62,0,1
13,139,63,0,1
13,139,67,1,1
13,139,68,0,1
13,139,69,0,1
13,139,70,0,1
13,139,71,5,0
13,140,58,0,1
13,140,61,0,1
13,140,62,0,2
13,140,63,0,2
13,140,65,0,1
13,140,66,0,1
13,140,67,0,1
13,140,68,1,1
13,140,69,0,1
13,140,70,9,0
13,140,78,0,1
13,141,60,0,1
13,141,61,0,1
13,141,62,0,5
13,141,67,0,4
13,141,68,0,2
13,141,70,0,7
13,141,72,0,2
13,141,79,0,1
13,142,64,0,1
13,142,66,0,1
13,142,71,0,1
13,142,73,0,1
13,142,85,6,0
13,143,75,0,4
13,143,79,3,14
13,143,80,0,1
13,144,73,0,1
13,144,79,0,3
13,144,80,1,0
13,144,81,2,0
13,144,82,0,1
13,145,75,0,1
13,145,84,0,2
13,145,87,0,1
13,145,90,0,1
13,146,64,0,5
13,146,65,0,3
13,146,75,0,1
13,146,81,0,1
13,146,89,0,1
13,146,91,0,1
13,147,66,1,0
13,147,75,0,2
13,147,81,0,1
13,147,94,0,2
13,148,75,0,8
13,148,76,0,1
13,148,78,0,1
13,148,86,0,1
13,148,87,1,1
13,148,89,0,1
13,148,93,1,0
13,148,94,0,5
13,149,75,0,1
13,149,77,0,1
13,149,78,0,1
13,149,80,0,1
13,150,78,0,7
13,150,85,0,2
13,150,88,0,1
13,150,93,0,1
13,151,77,0,2
13,151,78,0,1
13,151,79,0,1
13,151,80,0,1
13,152,59,1,0
13,152,73,0,3
13,152,75,0,3
13,152,76,0,1
13,152,78,0,2
13,152,79,0,1
13,152,80,0,11
13,152,88,0,2
13,153,73,0,1
13,153,80,1,30
13,153,89,0,1
13,154,38,2,0
13,155,71,0,2
13,155,73,1,0
13,156,75,0,1
13,156,77,0,1
13,157,66,0,1
13,157,84,1,1
13,157,110,0,1
13,158,76,0,1
13,164,73,0,1
13,165,66,0,2
13,170,96,0,2
13,171,98,0,1
13,173,97,0,1
13,175,92,0,1
13,175,100,0,1
13,176,58,0,1
13,176,82,0,1
13,180,100,0,1
13,183,85,2,2
13,187,115,0,1
13,190,98,0,1
13,192,59,0,1
14,70,60,1,0
14,79,67,0,1
14,84,117,0,1
14,85,113,0,1
14,94,29,0,1
14,95,83,0,1
14,99,112,0,1
14,100,45,0,1
14,100,78,0,1
14,102,44,0,1
14,102,77,0,1
14,103,40,0,1
14,103,80,0,2
14,103,81,1,3
14,104,80,0,9
14,104,81,0,5
14,105,78,0,1
14,105,79,1,5
14,106,75,0,1
14,106,82,0,3
14,107,57,3,4
14,107,58,0,1
14,107,78,0,1
14,108,81,0,1
14,108,105,0,1
14,109,72,0,1
14,110,68,0,3
14,110,74,0,1
14,110,78,0,1
14,110,101,0,2
14,112,77,0,1
14,112,78,0,1
14,112,81,0,1
14,113,77,0,1
14,113,80,0,1
14,113,100,0,1
14,114,74,1,0
14,114,76,0,1
14,115,33,0,1
14,115,80,0,2
14,115,81,0,1
14,115,85,0,1
14,116,37,1,0
14,116,72,1,0
14,116,75,0,1
14,116,80,0,1
14,116,81,0,2
14,117,79,0,1
14,117,80,0,1
14,118,72,0,2
14,118,75,0,2
14,118,77,0,2
14,118,79,0,1
14,118,80,0,6
14,118,81,0,1
14,119,66,0,1
14,119,78,0,8
14,119,79,0,2
14,119,98,1,0
14,120,78,0,3
14,120,79,0,1
14,120,99,0,1
14,121,77,0,2
14,121,78,0,2
14,121,79,0,1
14,121,80,0,2
14,121,87,0,1
14,121,97,0,1
14,122,67,0,1
14,122,80,0,10
14,123,52,0,1
14,123,76,0,4
14,123,77,1,1
14,124,56,0,1
14,124,59,0,1
14,124,78,0,1
14,125,64,0,1
14,125,70,1,0
14,125,74,0,1
14,125,78,0,1
14,125,90,0,1
14,126,78,0,1
14,126,86,0,1
14,127,58,0,1
14,127,83,0,1
14,127,85,0,1
14,127,87,0,1
14,127,91,0,2
14,128,60,0,1
14,128,73,0,2
14,128,77,1,1
14,128,79,0,1
14,128,80,0,1
14,128,110,0,1
14,129,53,1,1
14,129,60,0,1
14,129,69,0,1
14,129,76,0,2
14,129,80,0,1
14,129,88,0,2
14,130,68,0,1
14,130,73,1,14
14,130,76,0,1
14,130,77,0,3
14,130,94,0,1
14,131,72,1,7
14,131,73,8,73
14,131,75,0,1
14,131,76,0,5
14,131,77,0,1
14,131,80,0,1
14,131,81,1,34
14,132,72,0,1
14,132,73,0,8
14,132,74,0,3
14,132,76,0,1
14,132,81,0,1
14,133,58,0,1
14,133,66,0,1
14,133,73,0,1
14,133,85,0,1
14,134,61,0,1
14,134,64,0,5
14,134,67,1,0
14,134,69,0,1
14,134,70,0,2
14,134,71,0,6
14,134,72,1,0
14,134,75,0,3
14,134,76,0,6
14,134,84,0,2
14,134,87,0,1
14,134,95,0,1
14,135,61,0,1
14,135,69,1,1
14,135,71,0,3
14,135,72,0,2
14,135,73,0,2
14,135,74,3,8
14,135,75,0,2
14,135,76,0,6
14,135,77,0,2
14,135,81,0,3
14,135,83,0,1
14,136,41,0,1
14,136,65,1,2
14,136,68,0,3
14,136,69,0,2
14,136,70,0,2
14,136,71,0,1
14,136,72,2,51
14,136,73,0,7
14,136,74,0,5
14,136,75,0,1
14,136,76,0,1
14,137,65,1,3
14,137,67,0,1
14,137,68,0,1
14,137,69,0,3
14,137,71,0,2
14,137,72,0,15
14,137,75,0,1
14,137,76,0,1
14,138,55,0,1
14,138,60,0,2
14,138,62,0,1
14,138,66,0,3
14,138,67,0,5
14,138,69,0,4
14,138,70,0,1
14,138,71,0,1
14,138,72,1,3
14,138,79,16,181
14,139,50,0,1
14,139,63,0,1
14,139,65,0,1
14,139,66,0,3
14,139,67,1,4
14,139,68,0,4
14,139,69,0,1
14,139,70,0,1
14,139,71,1,0
14,139,74,0,1
14,140,55,0,1
14,140,58,0,1
14,140,61,0,1
14,140,62,0,3
14,140,65,0,1
14,140,66,0,6
14,140,67,0,2
14,140,68,0,1
14,140,69,0,1
14,140,70,3,4
14,140,81,0,2
14,140,92,0,1
14,141,58,0,1
14,141,62,0,3
14,141,67,0,8
14,141,68,0,1
14,141,70,0,13
14,141,72,1,0
14,141,78,1,0
14,142,63,0,2
14,142,64,0,1
14,142,66,0,1
14,142,69,0,1
14,142,72,0,1
14,142,73,1,1
14,142,74,0,1
14,142,85,3,1
14,143,63,0,1
14,143,75,0,1
14,143,78,0,1
14,143,79,2,8
14,143,80,0,1
14,143,81,0,4
14,143,83,0,1
14,143,86,0,1
14,144,35,0,1
14,144,71,0,1
14,144,77,0,1
14,144,78,0,1
14,144,79,0,2
14,145,57,0,1
14,145,81,1,0
14,145,83,0,2
14,145,85,0,1
14,146,65,1,0
14,146,69,0,1
14,146,75,0,2
14,146,82,0,3
14,146,84,0,1
14,146,85,0,1
14,146,87,0,1
14,146,88,0,1
14,146,89,0,1
14,147,53,0,1
14,147,66,1,0
14,147,75,0,3
14,147,76,0,1
14,147,93,0,2
14,147,94,0,1
14,148,75,1,7
14,148,76,0,1
14,148,78,0,1
14,148,87,1,0
14,148,94,0,2
14,149,62,0,1
14,149,71,0,2
14,149,73,0,1
14,149,74,0,1
14,149,77,0,4
14,149,78,0,1
14,149,79,0,4
14,150,77,0,1
14,150,78,1,11
14,150,79,0,1
14,150,85,1,2
14,150,95,0,1
14,151,75,0,1
14,151,77,1,1
14,152,66,1,0
14,152,75,0,5
14,152,76,0,1
14,152,78,0,2
14,152,80,0,6
14,152,100,0,1
14,153,56,0,1
14,153,76,0,1
14,153,80,0,26
14,154,38,3,0
14,154,104,0,1
14,155,71,0,1
14,156,73,0,1
14,158,76,0,1
14,163,72,0,1
14,164,76,0,1
14,167,115,0,1
14,170,95,1,1
14,172,61,0,1
14,172,88,0,1
14,173,97,0,1
14,174,112,1,0
14,175,62,0,1
14,175,109,0,1
14,176,82,0,1
14,178,94,0,1
14,179,95,0,1
14,185,60,0,1
14,185,96,0,1
14,193,60,0,1
14,195,71,1,0
15,66,107,0,1
15,80,118,0,1
15,90,65,1,1
15,94,112,0,1
15,95,73,0,1
15,97,43,0,1
15,103,73,0,1
15,103,80,0,1
15,103,81,0,5
15,103,82,0,1
15,104,39,0,1
15,104,80,0,5
15,104,81,0,2
15,105,79,0,8
15,106,82,0,2
15,107,57,2,7
15,107,58,0,4
15,108,105,0,1
15,109,72,0,2
15,109,73,0,1
15,109,107,0,2
15,110,68,0,1
15,110,101,0,1
15,111,82,1,1
15,111,105,0,1
15,112,76,0,1
15,112,88,0,1
15,113,52,0,1
15,113,77,0,1
15,114,30,0,1
15,114,52,0,1
15,114,61,0,1
15,114,76,0,3
15,114,78,0,1
15,114,81,0,1
15,115,80,0,2
15,115,81,0,1
15,115,86,0,1
15,115,98,1,0
15,116,37,1,0
15,116,72,1,0
15,116,75,0,1
15,116,77,0,1
15,116,80,0,1
15,116,81,0,2
15,117,69,1,0
15,117,75,0,1
15,117,80,0,2
15,117,93,0,1
15,118,75,1,2
15,118,79,0,1
15,118,80,3,15
15,118,82,0,1
15,118,87,0,1
15,118,97,0,1
15,119,68,0,1
15,119,76,0,1
15,119,78,0,8
15,119,79,0,3
15,119,91,0,1
15,120,55,0,1
15,120,78,0,5
15,120,101,0,1
15,121,77,0,3
15,121,78,0,3
15,121,79,0,2
15,121,80,0,2
15,122,68,0,1
15,122,78,0,1
15,122,80,1,13
15,122,82,0,1
15,123,59,0,1
15,123,69,0,1
15,123,76,0,3
15,123,77,0,1
15,124,58,0,1
15,124,60,0,1
15,124,74,0,1
15,124,87,0,1
15,125,74,1,1
15,125,78,0,1
15,125,81,0,1
15,126,60,0,1
15,126,82,0,1
15,126,86,0,1
15,126,87,0,2
15,127,33,0,1
15,127,78,1,1
15,128,60,0,2
15,128,73,0,2
15,128,79,0,1
15,129,68,0,1
15,129,69,1,3
15,129,76,0,1
15,129,77,0,1
15,129,84,0,1
15,129,91,0,1
15,130,56,1,0
15,130,60,0,1
15,130,68,0,4
15,130,73,2,7
15,130,83,0,2
15,130,95,0,2
15,131,67,1,0
15,131,72,0,5
15,131,73,6,44
15,131,75,0,1
15,131,76,0,8
15,131,77,0,1
15,131,80,0,5
15,131,81,2,26
15,131,84,0,3
15,131,86,0,1
15,132,72,0,1
15,132,73,0,11
15,132,74,0,7
15,133,53,0,2
15,133,70,0,1
15,133,74,0,2
15,133,77,0,1
15,133,79,0,1
15,133,86,0,1
15,134,64,0,3
15,134,67,0,1
15,134,68,0,2
15,134,69,0,1
15,134,70,0,1
15,134,71,0,6
15,134,72,0,1
15,134,73,0,2
15,134,76,0,5
15,134,87,0,1
15,134,95,0,2
15,134,98,0,1
15,135,68,0,2
15,135,69,1,2
15,135,73,0,3
15,135,74,1,4
15,135,76,0,6
15,135,81,1,1
15,135,82,0,1
15,135,83,1,0
15,136,50,0,1
15,136,55,1,1
15,136,65,0,1
15,136,67,0,1
15,136,68,0,17
15,136,70,2,14
15,136,71,3,4
15,136,72,0,19
15,136,73,1,11
15,136,74,0,7
15,136,78,0,1
15,136,79,0,1
15,136,81,2,4
15,136,99,0,1
15,137,65,0,1
15,137,66,0,3
15,137,67,0,2
15,137,68,0,1
15,137,71,1,1
15,137,72,1,12
15,137,73,0,1
15,137,78,0,1
15,137,84,0,1
15,137,117,0,1
15,138,64,0,1
15,138,67,0,8
15,138,68,0,1
15,138,69,0,2
15,138,70,1,1
15,138,71,0,5
15,138,72,0,7
15,138,79,16,225
15,139,57,0,1
15,139,62,0,1
15,139,63,0,4
15,139,66,0,1
15,139,68,0,1
15,139,69,0,3
15,139,70,1,3
15,139,71,4,0
15,139,74,0,1
15,139,75,1,1
15,140,58,0,1
15,140,62,0,1
15,140,66,0,1
15,140,67,0,2
15,140,69,1,2
15,140,70,1,8
15,140,73,0,1
15,140,92,0,1
15,141,60,0,1
15,141,62,0,1
15,141,64,0,2
15,141,67,0,7
15,141,68,0,1
15,141,69,0,3
15,141,70,2,12
15,141,74,0,1
15,141,76,0,1
15,141,78,0,2
15,141,79,0,1
15,142,62,1,1
15,142,63,0,1
15,142,64,0,3
15,142,68,0,1
15,142,69,0,1
15,142,74,1,0
15,142,79,0,1
15,142,85,7,0
15,143,63,0,1
15,143,65,0,1
15,143,75,0,1
15,143,79,1,16
15,143,80,0,1
15,143,83,0,1
15,144,67,0,1
15,144,75,0,1
15,144,79,0,4
15,144,90,0,1
15,145,64,0,1
15,145,65,3,0
15,145,75,0,1
15,145,83,0,1
15,145,91,0,1
15,146,63,0,1
15,146,64,0,1
15,146,67,0,1
15,146,74,0,1
15,146,78,0,3
15,146,82,0,1
15,146,86,0,1
15,147,48,1,0
15,147,53,0,1
15,147,66,2,0
15,147,75,0,6
15,147,81,0,1
15,147,83,0,1
15,147,85,0,4
15,148,73,0,1
15,148,75,1,6
15,148,87,1,0
15,149,71,0,1
15,149,74,0,1
15,149,75,0,1
15,149,77,0,3
15,149,78,0,2
15,149,88,0,1
15,149,90,0,1
15,150,77,0,1
15,150,78,0,10
15,150,79,0,1
15,150,85,0,1
15,150,95,0,2
15,151,77,0,2
15,151,78,0,1
15,151,80,0,1
15,152,59,0,1
15,152,78,1,4
15,152,80,0,6
15,153,75,0,1
15,153,76,0,1
15,153,80,1,32
15,154,38,3,0
15,154,74,0,1
15,155,71,0,5
15,155,90,0,1
15,156,60,0,1
15,157,83,0,1
15,159,52,0,1
15,160,85,0,1
15,162,79,0,1
15,163,72,0,1
15,164,73,1,0
15,167,115,0,1
15,168,79,0,1
15,170,70,1,0
15,173,97,0,1
15,175,100,0,1
15,176,108,0,1
15,181,57,0,1
15,181,74,0,1
15,193,60,0,1
15,200,97,0,1
15,208,105,0,2
15,212,99,0,3
15,219,111,0,1
16,67,113,0,1
16,70,121,0,2
16,87,70,0,1
16,94,73,0,1
16,97,81,0,1
16,98,97,0,1
16,100,45,0,1
16,101,95,0,1
16,101,112,0,1
16,102,65,1,0
16,103,80,0,1
16,103,81,0,4
16,104,80,1,6
16,104,81,0,2
16,105,79,0,5
16,106,82,0,1
16,106,84,0,2
16,107,46,1,0
16,107,57,0,7
16,107,58,0,3
16,107,105,0,1
16,109,72,0,2
16,109,82,0,1
16,109,100,1,1
16,110,68,0,1
16,110,72,0,1
16,110,101,0,4
16,112,75,0,1
16,113,78,0,1
16,113,79,0,1
16,113,86,0,1
16,113,100,0,1
16,114,76,0,1
16,114,81,1,11
16,114,96,0,1
16,115,69,0,1
16,115,78,0,2
16,116,37,1,0
16,116,72,1,0
16,116,79,0,1
16,116,81,0,2
16,117,79,0,1
16,117,80,0,2
16,118,68,1,0
16,118,79,0,2
16,118,80,0,15
16,118,88,0,1
16,119,77,0,1
16,119,78,0,4
16,119,104,0,1
16,120,77,0,1
16,120,78,0,3
16,120,80,0,1
16,120,99,0,1
16,121,69,0,1
16,121,77,0,4
16,121,78,0,1
16,121,80,0,1
16,121,88,0,1
16,121,94,0,1
16,122,47,0,1
16,122,78,0,3
16,122,80,0,9
16,123,58,0,1
16,123,68,0,1
16,123,76,0,5
16,123,80,0,2
16,124,36,0,1
16,124,53,0,1
16,124,59,0,1
16,124,70,0,2
16,124,74,0,5
16,125,53,0,1
16,125,58,0,2
16,125,64,0,4
16,125,73,0,1
16,125,79,0,1
16,125,87,0,1
16,126,52,0,1
16,127,58,0,3
16,127,67,0,1
16,127,86,0,1
16,128,48,0,1
16,128,57,0,1
16,128,72,0,2
16,128,73,0,1
16,128,77,0,2
16,128,88,0,1
16,129,54,0,1
16,129,69,0,5
16,129,76,1,5
16,129,84,0,1
16,129,103,0,2
16,130,57,0,1
16,130,60,0,1
16,130,68,0,1
16,130,73,0,14
16,130,76,0,2
16,130,77,0,1
16,130,83,0,11
16,130,95,0,1
16,131,58,0,1
16,131,67,0,1
16,131,72,0,10
16,131,73,8,63
16,131,75,0,1
16,131,76,0,9
16,131,81,0,32
16,132,53,0,1
16,132,57,0,1
16,132,69,0,1
16,132,73,0,9
16,132,74,2,4
16,132,75,0,1
16,132,76,0,3
16,132,81,0,1
16,133,67,0,1
16,133,71,0,1
16,133,73,0,1
16,133,76,0,1
16,133,85,0,1
16,133,103,0,1
16,134,59,0,1
16,134,60,0,1
16,134,64,0,6
16,134,69,0,1
16,134,71,1,1
16,134,72,1,5
16,134,76,0,7
16,134,87,0,7
16,134,95,0,2
16,134,107,0,1
16,135,63,0,1
16,135,66,0,1
16,135,67,0,1
16,135,68,0,1
16,135,69,0,2
16,135,71,0,1
16,135,73,0,1
16,135,74,0,4
16,135,75,0,1
16,135,76,0,7
16,135,77,1,2
16,135,81,0,1
16,135,82,0,1
16,135,85,0,1
16,135,93,0,1
16,135,100,0,1
16,136,63,0,1
16,136,64,0,1
16,136,68,0,20
16,136,70,1,11
16,136,71,0,2
16,136,72,1,15
16,136,73,0,7
16,136,74,1,9
16,136,75,0,1
16,136,80,0,1
16,136,81,0,2
16,136,91,0,2
16,137,65,0,2
16,137,66,0,2
16,137,67,0,2
16,137,68,0,3
16,137,69,0,3
16,137,70,0,1
16,137,71,1,3
16,137,72,2,13
16,137,75,0,1
16,137,78,0,1
16,137,84,0,1
16,137,85,0,1
16,138,60,0,1
16,138,64,0,2
16,138,66,0,2
16,138,67,1,24
16,138,68,0,3
16,138,69,0,2
16,138,70,0,1
16,138,71,0,3
16,138,72,1,8
16,138,75,0,1
16,138,79,12,203
16,139,50,0,1
16,139,57,0,1
16,139,62,0,1
16,139,67,0,1
16,139,68,0,2
16,139,69,0,1
16,139,71,2,0
16,139,72,0,1
16,139,91,0,4
16,140,57,0,1
16,140,62,1,1
16,140,63,0,2
16,140,65,0,2
16,140,70,0,4
16,140,84,0,3
16,140,92,0,4
16,141,57,0,1
16,141,60,0,2
16,141,62,0,2
16,141,67,0,7
16,141,68,2,0
16,141,69,0,2
16,141,70,2,23
16,141,78,0,1
16,141,82,0,2
16,142,60,0,2
16,142,63,0,1
16,142,64,0,2
16,142,67,1,0
16,142,73,0,1
16,142,78,0,1
16,142,85,3,0
16,142,86,0,1
16,143,44,0,4
16,143,65,0,2
16,143,75,0,2
16,143,77,0,2
16,143,79,0,7
16,143,80,1,1
16,143,81,0,1
16,143,82,0,1
16,144,66,1,0
16,144,71,0,1
16,144,79,0,4
16,144,81,0,1
16,144,82,0,2
16,144,84,0,1
16,144,85,0,1
16,144,90,0,1
16,145,64,0,1
16,145,65,0,3
16,145,67,3,0
16,145,75,0,2
16,145,80,0,1
16,145,84,0,1
16,145,85,0,1
16,145,89,0,1
16,145,90,1,0
16,146,64,0,1
16,146,67,0,3
16,146,78,0,3
16,146,79,0,1
16,146,82,0,3
16,146,85,0,1
16,146,88,0,1
16,147,61,0,1
16,147,66,1,0
16,147,74,0,2
16,147,75,0,7
16,147,76,0,3
16,148,72,1,0
16,148,75,0,7
16,148,76,0,1
16,148,83,0,1
16,148,86,0,1
16,148,87,2,1
16,149,71,0,1
16,149,74,0,2
16,149,77,1,3
16,149,78,0,2
16,149,79,0,1
16,149,80,0,1
16,150,69,0,1
16,150,77,1,2
16,150,78,1,15
16,150,85,0,1
16,150,89,0,1
16,151,58,0,1
16,151,75,0,1
16,151,79,0,1
16,152,65,0,1
16,152,72,0,2
16,152,74,0,1
16,152,75,0,1
16,152,76,0,1
16,152,80,0,8
16,152,86,0,3
16,153,75,0,1
16,153,79,0,1
16,153,80,1,24
16,154,55,0,1
16,154,71,0,1
16,154,74,0,2
16,154,103,0,1
16,155,56,0,1
16,155,71,1,5
16,155,80,0,1
16,156,61,0,1
16,156,76,0,1
16,156,77,0,2
16,157,76,1,0
16,157,81,0,1
16,157,83,0,7
16,158,54,0,1
16,158,72,0,1
16,159,73,0,1
16,159,87,0,2
16,161,66,0,1
16,161,69,0,1
16,165,48,0,1
16,168,57,0,1
16,172,80,0,1
16,175,96,0,1
16,180,64,0,1
16,180,73,0,1
16,183,96,0,1
16,185,98,0,1
16,187,66,0,1
16,188,57,0,1
16,190,76,0,1
16,191,61,0,1
16,208,105,0,1
17,74,100,0,1
17,80,118,0,1
17,82,59,0,1
17,84,65,0,1
17,90,108,0,1
17,94,76,0,4
17,95,83,0,3
17,102,77,0,1
17,103,80,0,2
17,103,81,0,2
17,103,104,0,2
17,104,78,0,1
17,104,80,0,9
17,104,81,0,3
17,105,22,0,1
17,105,79,0,6
17,105,91,0,1
17,105,101,0,1
17,106,55,0,1
17,107,57,1,7
17,107,58,0,4
17,108,57,0,1
17,108,66,0,1
17,108,72,0,1
17,108,105,0,1
17,109,72,0,2
17,109,78,0,1
17,109,107,0,1
17,110,74,0,1
17,110,99,1,1
17,110,100,0,1
17,110,106,0,1
17,110,118,0,1
17,112,78,0,2
17,113,100,0,1
17,113,101,0,2
17,114,76,0,4
17,114,81,0,1
17,115,76,0,1
17,115,78,1,0
17,115,79,0,1
17,115,80,0,1
17,116,37,1,0
17,116,72,1,0
17,116,79,0,1
17,117,66,0,1
17,117,80,0,1
17,117,89,1,0
17,117,100,0,1
17,118,51,0,1
17,118,74,0,1
17,118,78,0,1
17,118,79,0,2
17,118,80,0,16
17,118,93,0,1
17,118,110,0,1
17,119,78,0,1
17,119,79,0,3
17,119,80,0,1
17,119,81,0,1
17,120,68,0,2
17,120,78,0,6
17,120,79,0,2
17,120,80,0,1
17,121,77,0,4
17,121,78,1,2
17,121,79,0,4
17,121,80,0,2
17,121,102,0,1
17,122,57,0,1
17,122,69,0,1
17,122,77,0,1
17,122,78,1,3
17,122,79,0,2
17,122,80,0,4
17,122,82,0,1
17,122,107,0,1
17,123,58,0,1
17,123,59,0,1
17,123,62,0,1
17,123,72,0,1
17,123,76,0,1
17,123,88,0,1
17,124,74,0,2
17,125,60,0,1
17,125,81,0,1
17,125,90,0,1
17,125,103,1,0
17,126,65,0,1
17,126,82,0,1
17,127,58,0,1
17,127,81,0,1
17,127,82,0,1
17,127,85,0,1
17,128,57,0,1
17,128,73,0,4
17,128,77,0,1
17,128,79,0,2
17,128,88,0,1
17,129,69,0,7
17,129,70,0,1
17,129,76,0,3
17,129,80,1,0
17,129,84,0,1
17,129,114,0,1
17,130,56,0,1
17,130,57,0,1
17,130,68,0,2
17,130,73,1,16
17,130,74,0,2
17,130,76,1,4
17,130,77,0,2
17,130,83,0,7
17,131,67,0,1
17,131,72,0,11
17,131,73,8,61
17,131,76,1,11
17,131,80,0,2
17,131,81,0,24
17,132,73,0,5
17,132,74,0,2
17,132,75,0,2
17,132,76,0,5
17,132,80,1,1
17,132,108,0,1
17,133,68,0,1
17,133,73,1,0
17,133,79,0,1
17,133,80,0,1
17,133,85,0,3
17,133,86,0,1
17,134,61,0,1
17,134,64,0,11
17,134,66,0,1
17,134,68,1,3
17,134,69,0,1
17,134,71,3,6
17,134,72,1,3
17,134,76,0,5
17,134,79,0,1
17,134,83,4,0
17,134,84,0,1
17,134,86,0,2
17,134,87,0,5
17,135,44,0,1
17,135,67,0,1
17,135,69,0,2
17,135,71,0,1
17,135,72,0,1
17,135,73,0,4
17,135,74,0,2
17,135,75,2,3
17,135,76,1,13
17,135,77,1,4
17,135,79,0,1
17,135,80,0,1
17,135,82,0,1
17,135,84,0,1
17,136,62,0,1
17,136,63,0,1
17,136,64,0,2
17,136,68,0,25
17,136,69,0,1
17,136,70,0,8
17,136,72,0,42
17,136,73,2,5
17,136,74,0,1
17,136,76,0,2
17,136,79,0,1
17,136,81,0,1
17,136,84,0,1
17,136,87,2,1
17,136,89,0,1
17,137,63,0,1
17,137,65,1,2
17,137,66,0,1
17,137,68,0,2
17,137,69,0,1
17,137,71,0,1
17,137,72,1,9
17,137,75,0,1
17,137,79,0,1
17,137,84,0,1
17,137,105,0,1
17,138,51,0,1
17,138,60,0,1
17,138,61,0,1
17,138,66,0,1
17,138,67,0,8
17,138,69,0,3
17,138,71,0,4
17,138,72,0,8
17,138,78,2,0
17,138,79,13,236
17,139,62,0,1
17,139,66,0,3
17,139,67,0,3
17,139,68,0,1
17,139,69,0,1
17,139,71,4,0
17,139,72,0,2
17,139,74,0,4
17,139,75,0,4
17,139,80,0,1
17,140,58,0,1
17,140,62,1,1
17,140,65,0,1
17,140,66,0,1
17,140,68,0,1
17,140,69,1,1
17,140,70,1,5
17,140,78,0,4
17,140,82,0,1
17,140,84,0,1
17,140,85,0,1
17,140,92,0,1
17,141,62,0,1
17,141,67,0,5
17,141,70,2,17
17,141,72,0,2
17,141,78,0,4
17,142,64,0,3
17,142,69,0,1
17,142,72,0,1
17,142,77,1,0
17,142,85,5,0
17,143,63,0,1
17,143,70,1,0
17,143,75,0,1
17,143,77,0,2
17,143,78,0,1
17,143,79,0,14
17,143,80,0,2
17,143,81,1,0
17,144,61,0,1
17,144,65,0,1
17,144,66,0,1
17,144,70,0,1
17,144,79,0,3
17,144,84,0,1
17,144,85,0,1
17,145,65,0,2
17,145,67,3,0
17,145,75,1,1
17,145,82,0,2
17,145,83,0,3
17,145,84,0,1
17,145,85,1,2
17,145,87,0,1
17,146,64,0,2
17,146,67,0,2
17,146,75,0,1
17,146,78,0,4
17,146,82,0,2
17,146,86,0,1
17,146,87,0,1
17,146,94,0,6
17,147,69,0,2
17,147,71,0,1
17,147,75,0,3
17,147,77,0,1
17,147,78,0,1
17,147,80,0,2
17,147,87,0,2
17,147,92,0,1
17,147,94,0,1
17,148,75,0,4
17,148,76,0,1
17,148,87,1,3
17,149,77,0,2
17,149,78,0,3
17,149,79,0,1
17,150,56,0,1
17,150,57,0,1
17,150,73,0,1
17,150,78,0,24
17,150,85,0,1
17,150,95,0,1
17,151,71,0,1
17,151,72,0,1
17,151,73,1,0
17,151,75,0,1
17,151,77,0,3
17,151,78,0,2
17,151,79,0,2
17,151,80,0,1
17,151,84,0,1
17,151,88,0,1
17,152,70,0,2
17,152,72,0,3
17,152,73,0,2
17,152,74,0,1
17,152,75,0,5
17,152,76,0,3
17,152,78,0,3
17,152,80,0,2
17,152,86,0,2
17,153,79,0,1
17,153,80,0,16
17,154,38,3,0
17,154,72,0,2
17,155,71,0,5
17,155,76,0,1
17,155,79,0,1
17,155,84,0,1
17,156,75,0,1
17,160,18,0,1
17,160,85,0,1
17,160,113,1,0
17,161,45,0,1
17,162,69,0,1
17,162,111,0,1
17,166,56,0,1
17,167,71,0,1
17,169,78,0,1
17,170,47,0,1
17,170,92,0,1
17,172,81,0,1
17,176,58,0,1
17,179,55,0,1
17,179,108,0,2
17,181,74,1,1
17,185,96,0,1
17,186,52,0,1
17,188,94,0,1
17,197,59,1,0
18,84,66,0,1
18,85,56,0,1
18,85,62,2,0
18,90,108,0,1
18,95,73,1,0
18,95,83,0,1
18,100,45,0,1
18,100,116,0,1
18,101,43,0,1
18,101,95,0,1
18,102,41,0,1
18,103,81,0,3
18,103,114,0,1
18,104,80,0,2
18,104,81,0,3
18,105,44,0,1
18,105,79,0,5
18,106,82,0,2
18,107,57,0,8
18,107,58,0,3
18,107,72,0,1
18,107,84,0,1
18,107,101,0,1
18,108,57,0,2
18,108,72,0,1
18,108,73,0,1
18,108,105,0,1
18,109,28,0,1
18,109,72,1,3
18,109,78,0,1
18,109,103,0,1
18,110,29,0,1
18,110,83,0,1
18,113,86,0,1
18,114,76,0,2
18,114,78,0,1
18,114,81,0,1
18,114,84,0,1
18,116,72,1,0
18,116,79,1,1
18,116,82,0,1
18,117,80,0,1
18,117,81,0,1
18,117,100,0,1
18,117,120,0,1
18,118,67,0,1
18,118,75,0,2
18,118,78,0,1
18,118,79,2,1
18,118,80,0,16
18,118,88,0,1
18,118,100,0,1
18,119,66,0,1
18,119,78,1,3
18,119,79,0,3
18,119,83,0,1
18,119,96,0,2
18,119,97,0,1
18,119,98,0,1
18,119,101,0,1
18,120,69,0,1
18,120,77,0,1
18,120,78,1,7
18,120,80,0,1
18,120,99,0,1
18,121,78,1,0
18,121,79,0,1
18,122,64,0,1
18,122,68,0,1
18,122,69,0,1
18,122,70,0,1
18,122,77,0,1
18,122,78,2,6
18,122,79,0,1
18,122,80,0,8
18,122,83,0,1
18,123,67,0,1
18,123,69,0,1
18,123,76,0,2
18,123,77,0,2
18,123,90,0,1
18,124,70,0,2
18,124,74,0,1
18,124,77,0,2
18,124,81,0,1
18,124,89,0,1
18,124,111,0,1
18,125,70,1,0
18,125,77,0,1
18,125,81,0,1
18,125,96,0,1
18,126,52,0,1
18,126,55,0,1
18,126,82,0,1
18,126,85,0,3
18,127,67,0,1
18,127,86,0,2
18,128,59,0,1
18,128,60,0,2
18,128,73,0,3
18,128,80,0,1
18,128,96,0,1
18,129,56,0,1
18,129,69,0,2
18,129,71,0,1
18,129,76,0,1
18,129,81,0,1
18,129,87,0,1
18,130,52,0,1
18,130,57,0,1
18,130,68,0,2
18,130,72,1,0
18,130,73,0,13
18,130,76,0,1
18,130,83,0,4
18,131,67,0,2
18,131,72,1,7
18,131,73,4,80
18,131,75,2,0
18,131,76,0,7
18,131,77,0,2
18,131,80,0,2
18,131,81,0,11
18,132,70,0,1
18,132,73,0,26
18,132,74,0,8
18,132,75,1,0
18,132,76,0,2
18,132,81,0,1
18,133,58,0,2
18,133,66,1,1
18,133,72,0,1
18,133,73,1,0
18,133,79,1,2
18,133,85,0,1
18,133,97,0,1
18,134,58,0,1
18,134,59,0,1
18,134,64,0,15
18,134,67,0,2
18,134,68,0,1
18,134,69,0,3
18,134,71,0,3
18,134,72,0,2
18,134,73,0,1
18,134,75,0,1
18,134,76,1,7
18,134,79,1,0
18,134,81,0,1
18,134,84,0,1
18,134,86,0,2
18,134,87,0,3
18,134,107,0,1
18,135,63,5,2
18,135,69,0,2
18,135,72,0,1
18,135,73,0,1
18,135,74,0,2
18,135,75,1,1
18,135,76,3,10
18,135,77,0,1
18,135,82,0,1
18,135,83,2,2
18,136,41,0,1
18,136,55,0,1
18,136,64,0,1
18,136,68,0,9
18,136,70,1,10
18,136,71,2,1
18,136,72,0,30
18,136,73,1,10
18,136,74,0,5
18,136,75,0,1
18,136,79,0,3
18,137,65,1,4
18,137,66,0,1
18,137,67,0,1
18,137,68,0,2
18,137,69,0,1
18,137,70,0,2
18,137,71,0,4
18,137,72,1,12
18,137,73,0,2
18,137,78,0,4
18,137,84,0,1
18,137,85,0,1
18,138,51,0,1
18,138,62,0,1
18,138,64,0,1
18,138,66,0,3
18,138,67,0,9
18,138,68,0,1
18,138,69,0,8
18,138,70,0,1
18,138,71,0,3
18,138,72,0,9
18,138,78,2,0
18,138,79,13,230
18,139,62,0,1
18,139,63,0,3
18,139,66,0,1
18,139,67,0,8
18,139,68,1,0
18,139,69,0,1
18,139,70,0,1
18,139,71,2,0
18,139,72,0,3
18,139,76,0,1
18,140,58,0,1
18,140,61,0,1
18,140,62,1,3
18,140,69,2,0
18,140,70,2,8
18,140,78,0,3
18,140,80,0,1
18,140,92,0,1
18,141,62,0,1
18,141,67,0,2
18,141,68,0,1
18,141,69,0,1
18,141,70,0,27
18,141,79,0,1
18,141,124,0,1
18,142,62,1,1
18,142,64,0,2
18,142,66,0,1
18,142,69,0,2
18,142,71,0,1
18,142,79,0,1
18,142,84,0,2
18,142,85,3,0
18,143,77,0,1
18,143,79,0,12
18,143,80,0,2
18,143,81,0,1
18,144,58,0,1
18,144,66,1,1
18,144,74,0,1
18,144,79,0,3
18,144,81,0,1
18,144,82,0,1
18,144,84,0,1
18,145,65,2,3
18,145,67,3,0
18,145,69,0,1
18,145,71,0,2
18,145,78,0,1
18,145,79,0,1
18,145,83,0,4
18,145,85,0,4
18,145,95,0,1
18,146,64,0,5
18,146,65,1,1
18,146,78,0,5
18,146,79,1,5
18,146,82,0,2
18,146,86,0,3
18,146,87,1,0
18,147,66,1,0
18,147,75,0,5
18,147,76,0,1
18,147,79,0,5
18,147,80,0,2
18,147,84,0,1
18,147,85,0,1
18,148,75,0,1
18,148,76,0,1
18,148,86,0,2
18,148,87,1,0
18,148,94,0,2
18,149,78,0,3
18,149,101,0,1
18,150,78,0,15
18,150,85,0,1
18,150,88,0,1
18,150,89,0,1
18,151,75,0,2
18,152,72,0,1
18,152,75,0,3
18,152,76,0,1
18,152,78,1,5
18,152,80,1,8
18,152,86,0,1
18,152,91,0,1
18,153,72,0,1
18,153,74,0,2
18,153,80,0,12
18,154,38,3,0
18,154,79,0,2
18,155,64,1,1
18,155,71,2,10
18,155,79,0,1
18,155,84,0,1
18,155,90,0,1
18,157,83,0,1
18,158,63,0,1
18,159,26,0,1
18,159,79,0,1
18,162,66,0,1
18,162,73,0,1
18,162,74,0,1
18,163,72,0,1
18,164,69,0,1
18,165,50,0,1
18,165,71,0,1
18,166,56,0,1
18,172,65,0,1
18,174,110,0,1
18,178,123,0,1
18,183,66,0,1
18,188,98,0,1
18,197,59,1,0
18,212,99,0,1
18,218,101,0,1
18,229,107,0,1
19,79,66,0,1
19,82,68,0,1
19,85,56,0,1
19,85,62,3,0
19,85,113,0,1
19,90,66,0,1
19,93,107,0,1
19,94,76,0,1
19,95,83,0,6
19,99,112,0,1
19,100,78,0,1
19,101,65,0,1
19,101,80,0,1
19,101,95,0,1
19,101,112,1,0
19,103,81,0,1
19,104,80,3,7
19,104,81,0,3
19,105,79,0,12
19,107,57,1,3
19,109,72,0,1
19,109,82,0,1
19,110,101,0,1
19,110,106,0,1
19,112,71,0,1
19,112,82,0,1
19,112,83,0,1
19,113,79,0,1
19,113,94,0,1
19,113,100,0,1
19,114,76,0,2
19,114,81,0,1
19,114,96,0,1
19,115,76,0,1
19,115,78,0,1
19,115,79,0,1
19,115,80,0,1
19,116,72,1,0
19,116,80,0,1
19,116,81,0,2
19,116,99,0,1
19,117,63,0,1
19,117,90,0,1
19,117,101,1,0
19,118,78,0,2
19,118,79,0,3
19,118,80,0,14
19,118,97,0,1
19,118,98,0,1
19,119,77,0,2
19,119,78,1,5
19,119,79,0,2
19,119,87,0,1
19,119,91,0,1
19,120,78,0,3
19,120,97,0,2
19,120,99,0,1
19,121,36,0,1
19,121,49,1,0
19,121,62,0,1
19,121,73,0,1
19,121,77,0,1
19,121,78,0,3
19,121,80,1,2
19,122,78,0,1
19,122,80,1,4
19,122,82,0,1
19,123,37,0,1
19,123,58,0,2
19,123,69,0,6
19,123,76,0,3
19,123,77,0,1
19,123,80,0,1
19,124,70,0,1
19,124,74,0,4
19,124,77,2,5
19,124,81,1,0
19,125,60,0,1
19,125,79,0,1
19,126,41,0,1
19,126,56,0,1
19,126,57,1,0
19,126,58,0,1
19,126,78,1,2
19,126,87,0,1
19,127,52,0,1
19,127,81,0,1
19,127,91,0,1
19,128,73,0,6
19,128,80,0,1
19,128,81,0,1
19,128,85,0,1
19,129,55,0,1
19,129,59,1,1
19,129,60,0,2
19,129,68,0,2
19,129,69,0,1
19,129,88,0,1
19,129,90,0,2
19,129,103,0,1
19,130,57,0,1
19,130,73,1,9
19,130,76,1,1
19,130,77,0,1
19,130,83,0,1
19,130,94,0,1
19,131,67,0,4
19,131,72,0,12
19,131,73,3,58
19,131,75,0,2
19,131,76,1,5
19,131,77,0,1
19,131,80,0,3
19,131,81,0,13
19,132,53,0,1
19,132,73,1,12
19,132,74,0,6
19,132,76,1,3
19,132,78,0,1
19,132,85,0,1
19,133,62,0,1
19,133,66,5,2
19,133,67,0,1
19,133,77,0,1
19,133,81,1,0
19,133,83,0,1
19,133,84,1,0
19,133,85,0,1
19,134,58,0,1
19,134,62,1,0
19,134,64,1,1
19,134,69,0,1
19,134,71,1,7
19,134,72,0,1
19,134,73,0,1
19,134,75,0,1
19,134,76,0,7
19,134,77,0,1
19,134,87,0,3
19,135,50,0,2
19,135,63,0,1
19,135,67,0,1
19,135,68,0,2
19,135,72,0,1
19,135,73,0,4
19,135,74,4,7
19,135,76,1,7
19,135,80,1,0
19,135,82,0,1
19,135,84,0,1
19,135,100,0,1
19,135,102,0,1
19,136,41,0,1
19,136,62,1,1
19,136,64,0,1
19,136,68,1,33
19,136,69,0,1
19,136,70,0,8
19,136,71,1,3
19,136,72,3,18
19,136,73,0,8
19,136,74,1,2
19,136,79,0,1
19,136,81,0,1
19,136,82,0,1
19,136,87,0,1
19,136,89,1,1
19,136,91,0,1
19,137,65,0,5
19,137,66,0,3
19,137,67,0,1
19,137,68,0,2
19,137,69,0,2
19,137,70,0,7
19,137,71,0,1
19,137,72,0,12
19,137,73,0,2
19,137,99,0,1
19,138,48,0,1
19,138,60,0,1
19,138,61,0,1
19,138,66,0,1
19,138,67,0,6
19,138,69,0,8
19,138,70,0,1
19,138,71,0,1
19,138,72,0,7
19,138,79,6,215
19,139,50,0,1
19,139,61,0,1
19,139,62,0,1
19,139,67,0,4
19,139,68,0,2
19,139,69,0,1
19,139,70,0,1
19,139,71,2,0
19,139,75,0,1
19,140,59,0,2
19,140,61,0,1
19,140,62,1,2
19,140,66,0,2
19,140,68,1,2
19,140,69,0,1
19,140,70,0,5
19,140,71,0,1
19,140,78,0,1
19,140,117,0,2
19,141,60,1,1
19,141,61,0,1
19,141,65,1,0
19,141,67,0,6
19,141,68,0,2
19,141,69,0,1
19,141,70,0,17
19,141,80,0,1
19,142,63,0,2
19,142,64,0,1
19,142,65,0,1
19,142,71,0,1
19,142,72,0,1
19,142,73,0,1
19,142,74,0,1
19,142,85,6,0
19,143,59,0,1
19,143,61,0,1
19,143,62,0,1
19,143,75,0,3
19,143,77,0,1
19,143,79,1,11
19,144,50,1,0
19,144,74,0,1
19,144,79,0,1
19,144,84,0,1
19,144,85,0,1
19,144,87,0,1
19,145,67,3,0
19,145,75,0,2
19,145,83,0,1
19,145,85,0,4
19,145,90,1,0
19,146,63,0,2
19,146,64,0,2
19,146,65,0,1
19,146,67,1,2
19,146,75,0,1
19,146,78,0,5
19,146,80,0,1
19,146,87,0,1
19,146,89,1,0
19,147,71,0,1
19,147,75,1,1
19,147,77,0,1
19,147,83,0,2
19,147,85,0,1
19,147,87,0,1
19,148,56,0,1
19,148,68,0,1
19,148,75,0,1
19,148,76,0,4
19,148,78,1,0
19,148,82,0,1
19,148,86,0,4
19,148,87,1,0
19,149,74,1,3
19,149,77,0,3
19,149,78,0,2
19,149,79,0,1
19,149,88,0,1
19,149,93,0,1
19,150,57,1,1
19,150,77,1,2
19,150,78,1,16
19,150,79,0,3
19,150,85,0,4
19,151,58,0,1
19,151,63,0,1
19,151,77,0,2
19,151,115,0,1
19,152,66,0,3
19,152,72,1,0
19,152,73,0,1
19,152,74,0,1
19,152,78,0,2
19,152,80,2,9
19,152,91,0,3
19,153,56,0,1
19,153,73,0,1
19,153,74,0,1
19,153,75,0,1
19,153,80,0,12
19,154,38,3,0
19,154,73,0,1
19,154,90,0,1
19,155,70,0,1
19,155,71,0,7
19,155,79,0,1
19,156,75,0,1
19,156,76,0,1
19,156,77,0,1
19,158,63,0,1
19,160,77,0,1
19,161,11,0,1
19,161,71,0,2
19,163,60,0,1
19,163,72,0,1
19,164,20,0,1
19,166,94,0,1
19,168,101,0,1
19,169,79,0,1
19,179,123,0,1
19,180,64,0,1
19,187,96,0,1
19,193,61,0,1
19,197,62,0,1
19,205,99,0,1
20,67,113,0,1
20,74,63,0,1
20,74,119,0,2
20,78,76,0,1
20,79,62,0,1
20,79,66,0,6
20,84,66,1,0
20,86,64,0,1
20,94,76,0,1
20,97,81,0,1
20,97,83,0,1
20,98,80,0,1
20,100,45,0,1
20,103,81,0,2
20,103,82,0,2
20,103,89,0,1
20,104,80,0,3
20,105,79,0,2
20,105,80,1,0
20,107,57,1,4
20,107,58,0,3
20,108,72,0,1
20,108,105,0,1
20,109,74,0,1
20,110,78,0,1
20,110,101,0,1
20,113,82,0,1
20,114,81,0,2
20,115,33,0,1
20,115,76,0,1
20,115,81,0,1
20,116,72,1,0
20,116,81,0,1
20,116,82,0,1
20,117,81,0,1
20,117,82,0,1
20,118,49,0,1
20,118,70,0,1
20,118,78,0,2
20,118,79,0,3
20,118,80,1,10
20,118,99,0,1
20,119,70,0,1
20,119,78,0,3
20,119,79,0,2
20,119,84,1,0
20,119,99,0,1
20,120,68,0,1
20,120,78,0,3
20,120,79,0,3
20,120,81,0,1
20,121,77,0,4
20,121,78,0,1
20,121,79,0,1
20,121,80,0,1
20,122,78,0,1
20,122,79,0,1
20,122,80,0,6
20,122,111,0,1
20,123,52,0,1
20,123,58,2,5
20,123,76,1,3
20,123,79,0,1
20,123,80,0,1
20,124,69,1,0
20,124,77,0,4
20,125,78,1,1
20,125,83,1,1
20,126,52,0,1
20,126,58,0,1
20,126,78,0,2
20,127,79,0,1
20,128,73,0,2
20,128,80,0,1
20,128,87,0,1
20,129,69,0,2
20,129,73,1,0
20,130,68,0,3
20,130,72,0,1
20,130,73,0,4
20,130,83,0,1
20,131,67,0,1
20,131,72,0,7
20,131,73,0,39
20,131,76,1,5
20,131,77,0,1
20,131,78,0,1
20,131,80,1,1
20,131,81,0,3
20,131,85,1,1
20,132,55,0,1
20,132,56,0,1
20,132,59,0,1
20,132,72,0,1
20,132,73,1,5
20,132,74,0,3
20,132,75,1,0
20,132,76,1,3
20,132,81,1,1
20,133,53,0,1
20,133,66,0,1
20,133,77,1,0
20,134,52,0,1
20,134,64,0,3
20,134,69,0,1
20,134,70,0,2
20,134,71,0,3
20,134,75,0,1
20,134,76,1,6
20,134,85,0,1
20,134,87,0,7
20,135,68,1,0
20,135,71,1,0
20,135,72,0,3
20,135,73,0,1
20,135,74,1,2
20,135,76,0,1
20,135,82,0,1
20,135,84,0,2
20,136,50,0,1
20,136,55,0,1
20,136,67,1,0
20,136,68,1,18
20,136,69,0,1
20,136,70,0,6
20,136,71,7,3
20,136,72,1,10
20,136,73,0,11
20,136,74,0,2
20,136,76,0,1
20,136,77,0,1
20,136,81,1,0
20,137,62,0,1
20,137,65,2,1
20,137,66,0,2
20,137,68,0,2
20,137,69,0,1
20,137,70,0,1
20,137,71,0,2
20,137,72,0,7
20,137,76,0,2
20,137,84,0,1
20,138,60,0,1
20,138,64,0,1
20,138,66,1,1
20,138,67,0,3
20,138,69,0,3
20,138,72,0,5
20,138,75,0,4
20,138,79,4,159
20,139,66,0,4
20,139,67,0,1
20,139,68,0,1
20,139,70,0,1
20,139,72,0,1
20,139,75,0,1
20,140,61,1,1
20,140,67,0,2
20,140,70,0,5
20,140,82,0,1
20,141,59,0,1
20,141,61,0,1
20,141,67,0,2
20,141,68,0,1
20,141,70,0,21
20,141,71,1,0
20,141,128,3,0
20,142,60,0,1
20,142,62,0,1
20,142,64,0,1
20,142,65,0,1
20,142,67,0,1
20,142,69,0,1
20,142,71,0,1
20,142,83,1,0
20,142,85,8,0
20,142,95,1,1
20,143,61,0,1
20,143,74,1,0
20,143,79,0,14
20,143,81,0,1
20,144,35,0,1
20,144,58,0,1
20,144,60,0,2
20,144,63,0,1
20,144,79,0,4
20,144,83,1,0
20,144,88,0,1
20,145,60,0,1
20,145,67,3,0
20,145,73,1,0
20,145,78,1,0
20,145,79,0,1
20,145,91,0,1
20,146,62,0,1
20,146,65,1,2
20,146,75,1,0
20,146,78,0,3
20,146,81,0,1
20,147,60,0,1
20,147,75,0,1
20,147,87,0,1
20,147,93,0,3
20,147,94,0,2
20,148,75,0,1
20,148,76,0,2
20,148,79,0,1
20,148,87,1,1
20,148,94,0,1
20,149,52,0,1
20,149,56,0,1
20,149,74,1,1
20,149,77,0,1
20,149,78,0,1
20,149,79,0,1
20,150,73,0,1
20,150,78,1,7
20,151,75,0,1
20,151,77,1,1
20,151,79,1,1
20,151,80,0,1
20,151,90,0,2
20,151,93,0,1
20,152,74,0,1
20,152,75,0,2
20,152,80,2,5
20,153,80,1,6
20,153,89,0,1
20,154,38,3,0
20,155,71,0,3
20,156,73,0,1
20,157,83,0,1
20,161,71,0,1
20,164,50,0,1
20,165,86,0,1
20,169,65,0,1
20,169,115,0,1
20,171,93,0,1
20,174,98,0,1
20,175,100,0,1
20,187,100,0,1
20,191,61,0,1
20,212,99,0,1
21,99,112,0,1
21,114,81,1,0
21,116,72,1,0
21,118,80,0,1
21,120,78,1,0
21,120,79,0,2
21,123,58,0,1
21,125,64,1,0
21,125,74,0,1
21,125,78,1,0
21,129,68,1,1
21,129,76,0,1
21,129,91,0,1
21,130,98,1,0
21,131,73,1,1
21,131,81,0,1
21,132,76,0,1
21,135,83,1,0
21,136,68,0,1
21,136,73,0,1
21,137,71,0,1
21,138,56,1,0
21,138,59,0,1
21,138,67,1,0
21,138,79,0,9
21,139,71,1,0
21,142,85,8,0
21,143,49,1,0
21,143,79,0,1
21,144,82,1,0
21,145,67,3,0
21,145,90,1,0
21,146,65,1,0
21,147,66,1,0
21,147,93,0,1
21,148,87,1,0
21,153,80,0,1
21,154,38,3,0
21,154,74,1,0
21,157,76,1,0
21,164,96,1,0
21,170,70,1,0
21,187,96,0,1
22,80,118,0,1
22,83,115,1,0
22,94,74,0,1
22,94,76,0,2
22,95,83,0,2
22,101,65,0,1
22,103,81,0,1
22,104,77,0,1
22,104,79,0,1
22,104,80,0,1
22,105,73,0,1
22,106,74,0,1
22,106,84,0,1
22,107,75,0,1
22,108,72,0,1
22,109,78,0,1
22,109,82,0,1
22,110,69,0,1
22,110,74,0,1
22,110,106,0,1
22,111,76,0,1
22,112,51,1,0
22,113,76,0,1
22,114,72,0,1
22,115,33,0,1
22,115,76,0,1
22,115,90,0,1
22,116,72,1,0
22,116,79,0,2
22,116,81,0,1
22,117,75,0,1
22,117,79,0,1
22,118,78,0,1
22,118,79,0,3
22,118,80,1,9
22,119,78,0,1
22,119,79,0,3
22,119,81,0,1
22,119,95,0,1
22,120,58,0,2
22,120,78,1,3
22,120,81,0,1
22,120,97,0,2
22,121,69,0,1
22,121,78,0,1
22,121,79,0,2
22,121,80,0,2
22,121,88,0,1
22,122,65,0,1
22,122,80,0,1
22,122,92,1,0
22,123,58,0,5
22,124,77,0,2
22,124,79,0,1
22,126,68,0,1
22,126,78,0,4
22,126,99,0,1
22,126,110,0,1
22,127,61,0,1
22,128,66,0,1
22,128,73,0,3
22,129,68,0,1
22,129,76,0,4
22,130,68,0,4
22,130,73,0,5
22,131,57,1,0
22,131,72,1,4
22,131,73,0,27
22,131,76,0,3
22,131,80,0,1
22,131,81,0,2
22,132,58,0,1
22,132,69,0,1
22,132,73,0,4
22,132,74,0,5
22,132,76,0,3
22,133,58,0,1
22,133,70,1,0
22,133,71,1,2
22,133,75,0,2
22,134,58,0,1
22,134,64,0,1
22,134,70,0,2
22,134,72,1,1
22,134,73,0,1
22,134,75,0,2
22,134,76,0,1
22,134,79,0,1
22,134,80,0,1
22,134,84,0,1
22,134,87,0,1
22,135,69,0,1
22,135,71,0,1
22,135,72,0,1
22,135,73,0,1
22,135,74,0,1
22,135,75,0,1
22,135,76,0,4
22,135,86,0,1
22,135,110,0,1
22,136,66,0,1
22,136,68,0,3
22,136,70,0,4
22,136,72,0,10
22,136,73,0,3
22,136,74,0,2
22,136,79,0,1
22,136,81,0,1
22,136,84,0,2
22,136,85,0,1
22,136,87,0,1
22,137,63,0,1
22,137,65,0,3
22,137,66,0,1
22,137,68,0,1
22,137,70,0,1
22,137,72,0,3
22,137,78,0,1
22,137,84,0,1
22,138,67,0,6
22,138,69,0,1
22,138,70,0,2
22,138,71,0,3
22,138,72,0,4
22,138,75,0,1
22,138,79,5,107
22,139,62,0,1
22,139,63,0,1
22,139,66,0,1
22,139,67,0,2
22,139,68,0,1
22,139,69,0,1
22,139,70,0,1
22,139,75,0,2
22,140,47,1,0
22,140,67,0,2
22,140,70,0,2
22,140,78,0,4
22,141,60,0,1
22,141,61,0,2
22,141,69,0,1
22,141,70,1,8
22,141,80,1,1
22,142,60,0,1
22,142,70,0,1
22,143,59,0,1
22,143,75,0,2
22,143,79,1,7
22,143,81,0,1
22,144,75,0,1
22,144,83,2,0
22,145,65,0,1
22,145,67,2,0
22,145,71,0,1
22,145,78,0,1
22,146,64,0,2
22,146,78,0,2
22,146,80,0,1
22,146,82,0,1
22,146,84,1,1
22,146,88,0,1
22,147,64,0,1
22,147,66,1,0
22,147,75,1,1
22,147,77,0,1
22,147,80,0,1
22,148,77,0,1
22,148,84,0,1
22,148,86,0,1
22,148,87,1,0
22,149,74,0,1
22,149,77,0,2
22,149,92,0,1
22,150,71,0,2
22,150,78,0,5
22,150,80,0,1
22,151,65,0,2
22,151,70,0,1
22,151,77,0,1
22,152,66,0,1
22,152,75,0,3
22,152,76,0,1
22,152,80,0,2
22,152,100,0,1
22,153,55,0,1
22,153,75,0,1
22,153,80,0,1
22,154,38,3,0
22,155,71,0,1
22,156,76,1,0
22,156,77,0,1
22,156,114,0,1
22,160,79,0,1
22,168,71,0,1
22,182,48,1,0
22,182,107,0,1
22,192,61,0,1
22,229,107,0,1
23,80,117,0,1
23,82,61,0,1
23,84,45,0,1
23,90,108,0,4
23,104,80,0,2
23,104,81,0,3
23,105,79,0,5
23,106,82,0,1
23,107,57,1,0
23,107,58,0,1
23,108,44,0,1
23,108,105,0,1
23,109,72,0,1
23,109,82,0,1
23,111,78,0,1
23,112,66,0,1
23,112,80,0,1
23,113,74,0,1
23,113,76,0,1
23,113,81,0,1
23,114,76,0,3
23,114,80,0,1
23,114,81,0,2
23,115,65,0,1
23,116,72,1,0
23,116,81,0,1
23,117,52,0,1
23,117,79,0,1
23,118,67,0,1
23,118,75,0,1
23,118,77,0,1
23,118,78,0,4
23,118,79,0,1
23,118,80,1,18
23,119,66,0,1
23,119,78,0,2
23,119,79,0,3
23,119,80,0,1
23,119,81,0,1
23,119,97,0,1
23,120,76,0,1
23,120,78,0,4
23,120,86,0,1
23,121,77,0,2
23,121,78,0,1
23,121,79,0,2
23,121,80,0,1
23,122,78,0,5
23,122,80,0,3
23,123,58,0,37
23,123,66,0,1
23,123,69,0,1
23,124,59,0,1
23,124,74,0,3
23,124,78,0,1
23,125,62,1,0
23,125,77,0,1
23,125,86,0,1
23,125,99,0,2
23,126,78,0,1
23,126,87,0,1
23,128,73,0,3
23,128,77,0,1
23,128,79,0,1
23,129,55,0,1
23,129,57,0,1
23,129,68,0,2
23,129,69,0,2
23,129,70,0,1
23,130,56,0,1
23,130,68,0,1
23,130,72,0,1
23,130,73,0,4
23,130,76,0,2
23,131,53,0,3
23,131,60,0,1
23,131,67,1,3
23,131,72,1,6
23,131,73,2,46
23,131,76,0,3
23,131,81,0,3
23,132,69,0,2
23,132,73,0,10
23,132,74,1,7
23,132,76,0,3
23,132,77,0,1
23,132,84,0,2
23,133,53,0,1
23,133,59,0,1
23,133,71,0,1
23,133,77,1,1
23,133,78,0,1
23,133,79,1,1
23,134,56,0,1
23,134,64,0,4
23,134,69,0,1
23,134,70,0,1
23,134,71,0,3
23,134,72,0,2
23,134,75,0,2
23,134,76,0,8
23,134,79,0,1
23,134,80,1,0
23,134,87,0,1
23,134,95,1,1
23,135,68,0,2
23,135,69,0,2
23,135,72,0,1
23,135,74,0,1
23,135,76,0,4
23,135,79,0,1
23,135,85,0,1
23,136,63,0,1
23,136,68,0,14
23,136,70,1,10
23,136,71,0,1
23,136,72,0,9
23,136,73,0,3
23,136,74,0,6
23,136,77,0,1
23,136,79,0,5
23,136,81,0,1
23,136,84,0,2
23,136,100,0,1
23,137,66,0,2
23,137,68,0,2
23,137,70,1,4
23,137,71,0,1
23,137,72,0,8
23,137,74,0,1
23,137,78,0,1
23,137,84,0,1
23,137,85,1,0
23,137,87,1,0
23,137,103,0,1
23,138,66,0,2
23,138,67,1,7
23,138,69,0,5
23,138,71,0,6
23,138,72,1,3
23,138,79,5,164
23,139,50,0,1
23,139,51,0,1
23,139,62,0,1
23,139,63,1,0
23,139,66,0,3
23,139,67,0,1
23,139,68,0,1
23,139,69,0,1
23,139,72,0,3
23,139,75,1,1
23,139,96,0,1
23,140,62,0,1
23,140,70,0,7
23,140,78,0,6
23,141,56,0,1
23,141,61,0,1
23,141,62,0,1
23,141,67,0,5
23,141,68,0,1
23,141,70,0,8
23,142,59,0,2
23,142,62,0,2
23,142,66,0,1
23,142,69,0,1
23,142,74,0,1
23,142,84,0,1
23,143,62,0,1
23,143,64,0,1
23,143,75,0,1
23,143,77,0,1
23,143,79,0,12
23,143,80,1,2
23,143,81,0,1
23,144,60,0,1
23,144,79,0,1
23,144,81,0,2
23,145,79,0,1
23,145,88,0,2
23,146,65,0,1
23,146,67,1,2
23,146,78,0,1
23,146,80,0,1
23,146,85,0,2
23,147,59,0,1
23,147,69,0,1
23,147,75,0,2
23,147,76,0,3
23,147,77,0,6
23,147,80,0,1
23,147,86,0,1
23,148,71,0,1
23,148,78,1,0
23,148,79,0,1
23,148,80,0,1
23,148,82,0,1
23,148,85,1,1
23,148,87,1,1
23,149,77,0,2
23,149,78,0,1
23,149,79,0,2
23,149,90,0,1
23,150,67,0,1
23,150,78,0,20
23,150,79,1,3
23,150,85,0,1
23,151,65,0,9
23,151,75,0,2
23,152,66,0,1
23,152,75,0,2
23,152,76,0,1
23,152,80,0,3
23,152,95,0,1
23,153,55,0,1
23,153,66,0,1
23,153,75,0,1
23,153,80,0,7
23,154,38,3,0
23,154,73,0,4
23,154,74,1,3
23,155,71,0,3
23,157,74,0,3
23,158,63,0,2
23,158,68,0,2
23,158,76,0,1
23,159,73,0,1
23,161,71,0,1
23,164,63,0,1
23,164,74,1,0
23,168,67,4,0
23,169,102,0,1
23,170,94,1,0
23,180,71,0,1
23,181,104,0,1
23,185,98,0,1
23,187,68,1,0
23,192,60,0,2
23,197,59,1,0